-- Adminer 4.2.4 MySQL dump

SET NAMES utf8;
SET time_zone = '+00:00';
SET foreign_key_checks = 0;
SET sql_mode = 'NO_AUTO_VALUE_ON_ZERO';

DROP TABLE IF EXISTS `account`;
CREATE TABLE `account` (
  `ID` int(11) NOT NULL AUTO_INCREMENT,
  `Username` varchar(50) NOT NULL,
  `Password` varchar(50) NOT NULL,
  `Email` varchar(255) DEFAULT NULL,
  `DisplayName` varchar(255) NOT NULL,
  `Avatar` text,
  `RegisterDate` timestamp NULL DEFAULT CURRENT_TIMESTAMP,
  `LastVisited` timestamp NULL DEFAULT CURRENT_TIMESTAMP,
  `isActive` tinyint(1) NOT NULL DEFAULT '1',
  `Role` varchar(20) NOT NULL DEFAULT 'R',
  PRIMARY KEY (`ID`,`Username`)
) ENGINE=InnoDB DEFAULT CHARSET=utf8;

INSERT INTO `account` (`ID`, `Username`, `Password`, `Email`, `DisplayName`, `Avatar`, `RegisterDate`, `LastVisited`, `isActive`, `Role`) VALUES
(1,	'administrator',	'e10adc3949ba59abbe56e057f20f883e',	'anhproduction@hotmail.com',	'Super Admin(Anh Scubidu)',	NULL,	'2016-03-16 17:00:00',	'2016-03-20 10:46:57',	1,	'S-A-C-R-U-D'),
(2,	'anhproduction',	'e10adc3949ba59abbe56e057f20f883e',	'ndna2606@gmail.com',	'Anh Production(Anh Scubidu)',	'anhproduction.png',	'2016-03-19 10:50:34',	'2016-06-07 10:55:53',	1,	'S-A-C-R-U-D'),
(3,	'phuchoa3t',	'e10adc3949ba59abbe56e057f20f883e',	'phuchoa3t@gmail.com',	'Phúc Hòa',	NULL,	'2016-03-20 10:48:05',	'2016-05-03 16:28:37',	1,	'S-A-C-R-U-D'),
(4,	'Anh',	'e10adc3949ba59abbe56e057f20f883e',	'admin@gmail.com',	'Thùy Anh(Anh Scubidu)',	NULL,	'2016-06-06 02:50:29',	'2016-06-07 08:51:44',	1,	'R');

DROP TABLE IF EXISTS `suv_answer`;
CREATE TABLE `suv_answer` (
  `as_id` int(11) NOT NULL AUTO_INCREMENT,
  `qs_id` int(11) NOT NULL,
  `as_value` varchar(50) NOT NULL,
  PRIMARY KEY (`as_id`),
  KEY `qs_id` (`qs_id`),
  CONSTRAINT `suv_answer_ibfk_1` FOREIGN KEY (`qs_id`) REFERENCES `suv_question` (`qs_id`)
) ENGINE=InnoDB DEFAULT CHARSET=utf8;


DROP TABLE IF EXISTS `suv_object`;
CREATE TABLE `suv_object` (
  `obj_id` int(11) NOT NULL AUTO_INCREMENT,
  `obj_name` varchar(50) NOT NULL,
  PRIMARY KEY (`obj_id`)
) ENGINE=InnoDB DEFAULT CHARSET=utf8;


DROP TABLE IF EXISTS `suv_question`;
CREATE TABLE `suv_question` (
  `qs_id` int(11) NOT NULL AUTO_INCREMENT,
  `qs_content` varchar(255) NOT NULL,
  `qs_note` varchar(255) DEFAULT NULL,
  `obj_id` int(11) NOT NULL,
  PRIMARY KEY (`qs_id`),
  KEY `obj_id` (`obj_id`),
  CONSTRAINT `suv_question_ibfk_1` FOREIGN KEY (`obj_id`) REFERENCES `suv_object` (`obj_id`)
) ENGINE=InnoDB DEFAULT CHARSET=utf8;


DROP TABLE IF EXISTS `suv_result`;
CREATE TABLE `suv_result` (
  `rs_id` int(11) NOT NULL AUTO_INCREMENT,
  `obj_id` int(11) NOT NULL,
  `sys_id` int(11) DEFAULT NULL,
  `sc_id` int(11) DEFAULT NULL,
  `tc_id` varchar(15) DEFAULT NULL,
  `qs_id` int(11) NOT NULL,
  `as_id` int(11) NOT NULL,
  PRIMARY KEY (`rs_id`),
  KEY `obj_id` (`obj_id`),
  KEY `sys_id` (`sys_id`),
  KEY `sc_id` (`sc_id`),
  KEY `tc_id` (`tc_id`),
  KEY `qs_id` (`qs_id`),
  KEY `as_id` (`as_id`),
  CONSTRAINT `suv_result_ibfk_1` FOREIGN KEY (`as_id`) REFERENCES `suv_answer` (`as_id`),
  CONSTRAINT `suv_result_ibfk_2` FOREIGN KEY (`qs_id`) REFERENCES `suv_question` (`qs_id`),
  CONSTRAINT `suv_result_ibfk_3` FOREIGN KEY (`tc_id`) REFERENCES `suv_teacher` (`tc_id`),
  CONSTRAINT `suv_result_ibfk_4` FOREIGN KEY (`sc_id`) REFERENCES `suv_subject_class` (`sc_id`),
  CONSTRAINT `suv_result_ibfk_5` FOREIGN KEY (`sys_id`) REFERENCES `suv_schoolyear_semester` (`sys_id`),
  CONSTRAINT `suv_result_ibfk_6` FOREIGN KEY (`obj_id`) REFERENCES `suv_object` (`obj_id`)
) ENGINE=InnoDB DEFAULT CHARSET=utf8;


DROP TABLE IF EXISTS `suv_schoolyear_semester`;
CREATE TABLE `suv_schoolyear_semester` (
  `sys_id` int(11) NOT NULL AUTO_INCREMENT,
  `sys_name` varchar(20) NOT NULL,
  PRIMARY KEY (`sys_id`)
) ENGINE=InnoDB DEFAULT CHARSET=utf8;

INSERT INTO `suv_schoolyear_semester` (`sys_id`, `sys_name`) VALUES
(1,	'2015_2016_2');

DROP TABLE IF EXISTS `suv_subject_class`;
CREATE TABLE `suv_subject_class` (
  `sc_id` int(11) NOT NULL AUTO_INCREMENT,
  `sys_id` int(11) DEFAULT NULL,
  `sj_id` varchar(50) DEFAULT NULL,
  `class` varchar(50) DEFAULT NULL,
  `sj_name` varchar(255) DEFAULT NULL,
  `tc_id` varchar(15) DEFAULT NULL,
  PRIMARY KEY (`sc_id`),
  KEY `tc_id` (`tc_id`),
  KEY `sys_id` (`sys_id`),
  CONSTRAINT `suv_subject_class_ibfk_1` FOREIGN KEY (`tc_id`) REFERENCES `suv_teacher` (`tc_id`)
) ENGINE=InnoDB DEFAULT CHARSET=utf8;

INSERT INTO `suv_subject_class` (`sc_id`, `sys_id`, `sj_id`, `class`, `sj_name`, `tc_id`) VALUES
(6842,	1,	'DC1CB94',	'66DCDM21',	'ATLĐ và môi trường CN',	'CKMT3004'),
(6843,	1,	'DC1CB94',	'66DCOT21',	'ATLĐ và môi trường CN',	'CKMT3004'),
(6844,	1,	'DC1CB94',	'66DCOT22',	'ATLĐ và môi trường CN',	'CKMT3004'),
(6845,	1,	'DC1CB94',	'66DCOT23',	'ATLĐ và môi trường CN',	'CKMT3006'),
(6846,	1,	'DC1CB94',	'66DCOT24',	'ATLĐ và môi trường CN',	'CKMT3004'),
(6847,	1,	'DC1CB94',	'66DCMX21',	'ATLĐ và môi trường CN',	'CKMT3006'),
(6848,	1,	'DC1CB94',	'66DCMX22',	'ATLĐ và môi trường CN',	'CKDM3001'),
(6849,	1,	'DC1CB94',	'66DCMX23',	'ATLĐ và môi trường CN',	'CKMX3006'),
(6850,	1,	'DC1CB94',	'66DCCO21',	'ATLĐ và môi trường CN',	'CKMX3006'),
(6851,	1,	'DC1CB94',	'66DCCO22',	'ATLĐ và môi trường CN',	'CKMT3004'),
(6852,	1,	'DC1CB94',	'66DCCO23',	'ATLĐ và môi trường CN',	'CKMT3004'),
(6853,	1,	'DC2CB89',	'66DCVL21',	'Bảo hiểm trong GTVT',	'KVSB3009'),
(6854,	1,	'DC2CB89',	'66DCVL22',	'Bảo hiểm trong GTVT',	'KVSB3009'),
(6855,	1,	'DC2CB89',	'66DLVS21',	'Bảo hiểm trong GTVT',	'KVSB3009'),
(6856,	1,	'CC3DD46',	'65CCDD21',	'Cấp thoát nước',	'CTDD3009'),
(6857,	1,	'DC2VS39',	'66DCVS21',	'Cầu đường - Thông tin tín hiệu đường sắt',	'KVSB3004'),
(6858,	1,	'DC3MX51',	'63DCMX01',	'Chẩn đoán bảo dưỡng kỹ thuật máy xây dựng',	'CKMX3002'),
(6859,	1,	'DC3OT51',	'63DCOT02',	'Chẩn đoán và kiểm định kỹ thuật ô tô',	'CKOT3002'),
(6860,	1,	'DL3OT51',	'65DLOT22',	'Chẩn đoán và kiểm định kỹ thuật ô tô',	'CKOT3004'),
(6861,	1,	'DC3OT51',	'63DCOT01',	'Chẩn đoán và kiểm định kỹ thuật ô tô',	'CKOT2001'),
(6862,	1,	'DC2CK56',	'65DCOT21',	'Chi tiết máy 1',	'CKMT3005'),
(6863,	1,	'DC2CK56',	'65DCOT22',	'Chi tiết máy 1',	'CKDM3001'),
(6864,	1,	'DC2CK56',	'65DCOT23',	'Chi tiết máy 1',	'CKMX3007'),
(6865,	1,	'DC2CK56',	'65DCOT24',	'Chi tiết máy 1',	'CKDM3004'),
(6866,	1,	'DC2CK56',	'65DCMX21',	'Chi tiết máy 1',	'CKMT3003'),
(6867,	1,	'DC2CK56',	'65DCMX22',	'Chi tiết máy 1',	'CKMT3003'),
(6868,	1,	'DC2CK56',	'65DCDM21',	'Chi tiết máy 1',	'CKDM3003'),
(6869,	1,	'DC2QT83',	'64DCQT01',	'Chiến lược phát triển doanh nghiệp',	'KVSB3009'),
(6870,	1,	'DC2QT83',	'64DCQT02',	'Chiến lược phát triển doanh nghiệp',	'KVSB3009'),
(6871,	1,	'DC3OT52',	'63DCOT02',	'Công nghệ bảo dưỡng, sửa chữa ô tô',	'CKOT3001'),
(6872,	1,	'DL3OT52',	'65DLOT22',	'Công nghệ bảo dưỡng, sửa chữa ô tô',	'CKOT3004'),
(6873,	1,	'DC3OT52',	'63DCOT01',	'Công nghệ bảo dưỡng, sửa chữa ô tô',	'CKOT2005'),
(6874,	1,	'DC3OT55',	'65DLOT22',	'Công nghệ chế tạo phụ tùng ô tô',	'XUOT3009'),
(6875,	1,	'DC3OT55',	'66DLOT21',	'Công nghệ chế tạo phụ tùng ô tô',	'CKDM3004'),
(6876,	1,	'DC2CK33',	'65DCMX21',	'Công nghệ kim loại',	'CKMX3006'),
(6877,	1,	'DC2CK33',	'65DCMX22',	'Công nghệ kim loại',	'CKMX3006'),
(6878,	1,	'DC3DT81',	'64DCDT01',	'Công nghệ Multimedia',	'TTDT3003'),
(6879,	1,	'DC3DT81',	'64DCDT02',	'Công nghệ Multimedia',	'TTDT3003'),
(6880,	1,	'DC3DT81',	'64DCDT03',	'Công nghệ Multimedia',	'TTDT3014'),
(6881,	1,	'DC2HT38',	'64DCTH01',	'Công nghệ phần mềm',	'TTCS3008'),
(6882,	1,	'DC2HT38',	'64DCTH02',	'Công nghệ phần mềm',	'TTCS4000'),
(6883,	1,	'DC2HT38',	'64DCTH03',	'Công nghệ phần mềm',	'TTCS3008'),
(6884,	1,	'DC3MX52',	'63DCMX01',	'Công nghệ sửa chữa máy xây dựng',	'CKMX3006'),
(6885,	1,	'DC3VL26',	'65DCVL21',	'Công nghệ vận tải 2',	'KVSB3001'),
(6886,	1,	'DC3CA76',	'63DCCA01',	'Công trình hầm',	'CTCA4000'),
(6887,	1,	'DC3CC46',	'64DCCC01',	'Công trình thuỷ công trong nhà máy đóng tàu',	'CTCC3001'),
(6888,	1,	'DC2CO21',	'66DCCS21',	'Cơ học cơ sở',	'CSKT3003'),
(6889,	1,	'DL2CO21',	'66DLCD27',	'Cơ học cơ sở',	'CSKT3010'),
(6890,	1,	'DC2CO21',	'66DCCDA1',	'Cơ học cơ sở',	'CSKT3007'),
(6891,	1,	'DL2CO21',	'66DLCD28',	'Cơ học cơ sở',	'CSKT3006'),
(6892,	1,	'DC2CO21',	'66DCCD21',	'Cơ học cơ sở',	'CSKT3006'),
(6893,	1,	'DL2CO21',	'66DLCD29',	'Cơ học cơ sở',	'CSKT3009'),
(6894,	1,	'DC2CO21',	'66DCCD22',	'Cơ học cơ sở',	'CSKT3006'),
(6895,	1,	'DC2CO21',	'66DCCD23',	'Cơ học cơ sở',	'CSKT3006'),
(6896,	1,	'DC2CO21',	'66DCCD24',	'Cơ học cơ sở',	'CSKT3006'),
(6897,	1,	'DC2CO21',	'66DCCD25',	'Cơ học cơ sở',	'CSKT2002'),
(6898,	1,	'DC2CO21',	'66DCCA21',	'Cơ học cơ sở',	'CSKT2002'),
(6899,	1,	'DC2CO21',	'66DCCA22',	'Cơ học cơ sở',	'CSKT2002'),
(6900,	1,	'DC2CO21',	'66DCDB21',	'Cơ học cơ sở',	'CSKT2002'),
(6901,	1,	'DC2CO21',	'66DCDB22',	'Cơ học cơ sở',	'CSKT3009'),
(6902,	1,	'DC2CO21',	'66DCDD21',	'Cơ học cơ sở',	'CSKT3009'),
(6903,	1,	'DC2CO21',	'66DCDD22',	'Cơ học cơ sở',	'CSKT3007'),
(6904,	1,	'DC2CO21',	'66DCDD23',	'Cơ học cơ sở',	'CSKT3012'),
(6905,	1,	'DC2CO21',	'66DCCC21',	'Cơ học cơ sở',	'CSKT3010'),
(6906,	1,	'DC2CO21',	'66DCDM21',	'Cơ học cơ sở',	'CSKT3014'),
(6907,	1,	'DC2CO21',	'66DCOT21',	'Cơ học cơ sở',	'CSKT3014'),
(6908,	1,	'DC2CO21',	'66DCOT22',	'Cơ học cơ sở',	'CSKT3014'),
(6909,	1,	'DC2CO21',	'66DCOT23',	'Cơ học cơ sở',	'CSKT3010'),
(6910,	1,	'DC2CO21',	'66DCOT24',	'Cơ học cơ sở',	'CSKT3010'),
(6911,	1,	'DC2CO21',	'66DCMX21',	'Cơ học cơ sở',	'CSKT3003'),
(6912,	1,	'DC2CO21',	'66DCMX22',	'Cơ học cơ sở',	'CSKT3012'),
(6913,	1,	'DC2CO21',	'66DCMX23',	'Cơ học cơ sở',	'CSKT3012'),
(6914,	1,	'DC2CO21',	'66DCCO21',	'Cơ học cơ sở',	'CSKT3011'),
(6915,	1,	'DC2CO21',	'66DCCO22',	'Cơ học cơ sở',	'CSKT3011'),
(6916,	1,	'DC2CO21',	'66DCCO23',	'Cơ học cơ sở',	'CSKT3009'),
(6917,	1,	'DC2CT32',	'65DCCDA1',	'Cơ học đất',	'CTCV3001'),
(6918,	1,	'DC2CT32',	'65DCCD21',	'Cơ học đất',	'CTCV3007'),
(6919,	1,	'DC2CT32',	'65DCCD22',	'Cơ học đất',	'CTCV3007'),
(6920,	1,	'DC2CT32',	'65DCCD23',	'Cơ học đất',	'CTCV3010'),
(6921,	1,	'DC2CT32',	'65DCCS21',	'Cơ học đất',	'CTCV3011'),
(6922,	1,	'DC2CT32',	'65DCDD21',	'Cơ học đất',	'CTDK3005'),
(6923,	1,	'DC2CT32',	'65DCDD22',	'Cơ học đất',	'CTDK3005'),
(6924,	1,	'DC2CT27',	'65DCCDA1',	'Cơ học kết cấu',	'CTKC3005'),
(6925,	1,	'DC2DM26',	'65DCDM21',	'Cơ học kết cấu',	'CTCC3001'),
(6926,	1,	'CC2CT27',	'66CCCD21',	'Cơ học kết cấu',	'CTKC3005'),
(6927,	1,	'CC2CT27',	'66DCDD21',	'Cơ học kết cấu',	'CTKC3005'),
(6928,	1,	'DC2CT27',	'65DCCD21',	'Cơ học kết cấu',	'CTCA3002'),
(6929,	1,	'DC2CT27',	'65DCCD22',	'Cơ học kết cấu',	'CTCA3007'),
(6930,	1,	'DC2CT27',	'65DCCD23',	'Cơ học kết cấu',	'CTCA3005'),
(6931,	1,	'DC2CT27',	'65DCCS21',	'Cơ học kết cấu',	'CTCA3009'),
(6932,	1,	'DC2CT27',	'65DCCC21',	'Cơ học kết cấu',	'CTCA3009'),
(6933,	1,	'DC2CT27',	'65DCCA21',	'Cơ học kết cấu',	'CTDS3002'),
(6934,	1,	'DC2CT27',	'65DCDB21',	'Cơ học kết cấu',	'CTCC3002'),
(6935,	1,	'DC2CT27',	'65DCDB22',	'Cơ học kết cấu',	'CTCC3002'),
(6936,	1,	'DC2CT27',	'65DCDB23',	'Cơ học kết cấu',	'CTCC3001'),
(6937,	1,	'DC2CT27',	'65DCDD21',	'Cơ học kết cấu',	'CTDD3008'),
(6938,	1,	'DC2CT27',	'65DCDD22',	'Cơ học kết cấu',	'CTDD3008'),
(6939,	1,	'DC2DT45',	'66DCDT21',	'Cơ sở điều khiển tự động',	'TTDT3013'),
(6940,	1,	'DC2DT45',	'66DCDT22',	'Cơ sở điều khiển tự động',	'TTDT3005'),
(6941,	1,	'DC2DT45',	'66DCDT23',	'Cơ sở điều khiển tự động',	'TTDT3012'),
(6942,	1,	'CC3DT60',	'65CCDT21',	'Cơ sở truyền số liệu',	'TTDT3007'),
(6943,	1,	'DC2CK18',	'65DCOT21',	'Dung sai kỹ thuật đo',	'CKMT3001'),
(6944,	1,	'DC2CK18',	'65DCOT22',	'Dung sai kỹ thuật đo',	'CKMT3005'),
(6945,	1,	'DC2CK18',	'65DCOT23',	'Dung sai kỹ thuật đo',	'CKMX3004'),
(6946,	1,	'DC2CK18',	'65DCOT24',	'Dung sai kỹ thuật đo',	'CKOT3012'),
(6947,	1,	'DC2CK18',	'65DCDM21',	'Dung sai kỹ thuật đo',	'CKMT3001'),
(6948,	1,	'DC2CK18',	'65DCMT21',	'Dung sai kỹ thuật đo',	'CKMT3001'),
(6949,	1,	'DC3CT92',	'63DCCA01',	'Dự toán công trình',	'CTDB3013'),
(6950,	1,	'DC3CT92',	'63DCCS01',	'Dự toán công trình',	'CTDB3013'),
(6951,	1,	'DC3CT92',	'63DCCD06',	'Dự toán công trình',	'CTDB3007'),
(6952,	1,	'DC3CT92',	'63DCCD07',	'Dự toán công trình',	'CTDB3007'),
(6953,	1,	'DC3CT92',	'63DCCD08',	'Dự toán công trình',	'CTDB3004'),
(6954,	1,	'DC3CT92',	'63DCCD09',	'Dự toán công trình',	'CTDB3007'),
(6955,	1,	'DC3CT92',	'63DCCD10',	'Dự toán công trình',	'CTDB3004'),
(6956,	1,	'DC3CT92',	'65DLDD23',	'Dự toán công trình',	'CTDB3004'),
(6957,	1,	'DC3CT92',	'63DCDB01',	'Dự toán công trình',	'CTDB3004'),
(6958,	1,	'DC3CT92',	'63DCDD01',	'Dự toán công trình',	'CTDB3004'),
(6959,	1,	'DC3CT92',	'63DCDD02',	'Dự toán công trình',	'CTDB3013'),
(6960,	1,	'DC3CT92',	'63DCCD05',	'Dự toán công trình',	'CTDB2005'),
(6961,	1,	'DC3CK72',	'64DCDM01',	'ĐA môn học: ĐC đốt trong',	'CKOT3006'),
(6962,	1,	'DC3CK72',	'66DLOT21',	'ĐA môn học: ĐC đốt trong',	'CKOT3002'),
(6963,	1,	'DC3OT44',	'65DLOT22',	'ĐA môn học: KC - TT ô tô',	'CKOT3007'),
(6964,	1,	'DC3CD54',	'63DCCD06',	'ĐA TCTC và t.công CTXD',	'CTDB3014'),
(6965,	1,	'DC3CD54',	'63DCCD07',	'ĐA TCTC và t.công CTXD',	'CTDB3015'),
(6966,	1,	'DC3CD54',	'63DCCD08',	'ĐA TCTC và t.công CTXD',	'CTDB3001'),
(6967,	1,	'DC3CD54',	'63DCCD09',	'ĐA TCTC và t.công CTXD',	'CTDB3013'),
(6968,	1,	'DC3CD54',	'63DCCD10',	'ĐA TCTC và t.công CTXD',	'CTDB3005'),
(6969,	1,	'DC3CD54',	'65DLCD27',	'ĐA TCTC và t.công CTXD',	'CTCA3006'),
(6970,	1,	'DC3CD54',	'65DLCD28',	'ĐA TCTC và t.công CTXD',	'CTCA3010'),
(6971,	1,	'DC3CD54',	'63DCCD05',	'ĐA TCTC và t.công CTXD',	'CTCA2004'),
(6972,	1,	'DC3DD54',	'63DCDD01',	'ĐA tổ chức thi công và thi công CTXD',	'CTDD3001'),
(6973,	1,	'DC3DD54',	'63DCDD02',	'ĐA tổ chức thi công và thi công CTXD',	'XDCB3004'),
(6974,	1,	'DC3DD54',	'65DLDD23',	'ĐA tổ chức thi công và thi công CTXD',	'CTDD3001'),
(6975,	1,	'CC2CT31',	'66CCCD21',	'Địa chất công trình',	'CTDK3004'),
(6976,	1,	'CC2CT31',	'66DCDD21',	'Địa chất công trình',	'CTDK3004'),
(6977,	1,	'DC2CT31',	'66DCCA21',	'Địa chất công trình',	'CTDK3004'),
(6978,	1,	'DC2CT31',	'66DCCA22',	'Địa chất công trình',	'CTCV3007'),
(6979,	1,	'DC2CT31',	'66DCDB21',	'Địa chất công trình',	'CTCV2004'),
(6980,	1,	'DC2CT31',	'66DCDB22',	'Địa chất công trình',	'CTDK3004'),
(6981,	1,	'DC2KX31',	'66DCKX21',	'Địa kỹ thuật',	'CTCC3003'),
(6982,	1,	'DC2KX31',	'66DCKX22',	'Địa kỹ thuật',	'CTCC3003'),
(6983,	1,	'DC2KX31',	'66DCKX23',	'Địa kỹ thuật',	'CTCC3004'),
(6984,	1,	'DC2KX31',	'66DCKX24',	'Địa kỹ thuật',	'CTCC3004'),
(6985,	1,	'DC2DT53',	'65DCDT21',	'Điện tử tương tự',	'TTDT3018'),
(6986,	1,	'DC2DT53',	'65DCDT22',	'Điện tử tương tự',	'TTDT3002'),
(6987,	1,	'DC2DT53',	'65DCDT23',	'Điện tử tương tự',	'TTDT3003'),
(6988,	1,	'DC3VS73',	'66DLVS21',	'Điều tra kinh tế - kỹ thuật vận tải đường sắt',	'KVSB3004'),
(6989,	1,	'DL3KX75',	'66DLKX21',	'Định mức kinh tế kỹ thuật xây dựng',	'KVKX3002'),
(6990,	1,	'DC3MX48',	'63DCMX01',	'Đồ án Công nghệ sửa chữa máy xây dựng',	'CKMX3006'),
(6991,	1,	'DC3CC50',	'64DCCC01',	'Đồ án Công trình thuỷ công trong nhà máy đóng tàu',	'CTCC3001'),
(6995,	1,	'DC3KX70',	'66DLKX21',	'Đồ án Định mức kinh tế kỹ thuật xây dựng',	'KVKX3001'),
(6998,	1,	'DC2GT54',	'66DLCD21',	'Đồ án kết cấu BTCT',	'CTCA3020'),
(6999,	1,	'DC2DD54',	'66DLDD21',	'Đồ án kết cấu BTCT',	'CTDD3007'),
(7000,	1,	'DC2GT54',	'66DLCD22',	'Đồ án kết cấu BTCT',	'CTCA3020'),
(7001,	1,	'DC2DD54',	'66DLDD22',	'Đồ án kết cấu BTCT',	'CTDD3007'),
(7002,	1,	'DC2GT54',	'66DLCD23',	'Đồ án kết cấu BTCT',	'CTCA3009'),
(7003,	1,	'DC2GT54',	'66DLCD24',	'Đồ án kết cấu BTCT',	'CTCA3005'),
(7004,	1,	'DC2GT54',	'66DLCD25',	'Đồ án kết cấu BTCT',	'CTCV3006'),
(7005,	1,	'DC2GT54',	'66DLCD26',	'Đồ án kết cấu BTCT',	'CTCA3020'),
(7007,	1,	'DC3DD45',	'64DCDD02',	'Đồ án kết cấu nhà',	'CTDD3001'),
(7008,	1,	'DC3DD45',	'64DCDD03',	'Đồ án kết cấu nhà',	'CTDD3005'),
(7009,	1,	'DC3DD45',	'64DCDD04',	'Đồ án kết cấu nhà',	'CTDD3009'),
(7010,	1,	'DC3DD45',	'66DLDD21',	'Đồ án kết cấu nhà',	'CTDD3001'),
(7011,	1,	'DC3DD45',	'66DLDD22',	'Đồ án kết cấu nhà',	'CTDD3001'),
(7013,	1,	'DC3MT43',	'64DCMT01',	'Đồ án Kết cấu tàu thủy',	'CKMT3003'),
(7014,	1,	'DC3HT48',	'64DCTH01',	'Đồ án Mạng máy tính',	'TTUD3001'),
(7015,	1,	'DC3HT48',	'64DCTH02',	'Đồ án Mạng máy tính',	'TTUD3001'),
(7016,	1,	'DC3HT48',	'64DCTH03',	'Đồ án Mạng máy tính',	'TTUD3001'),
(7017,	1,	'DC3MX46',	'64DCMX02',	'Đồ án Máy nâng vận chuyển',	'CKMX3004'),
(7018,	1,	'DC3MX46',	'64DCMX03',	'Đồ án Máy nâng vận chuyển',	'CKMX3007'),
(7019,	1,	'DC2GT34',	'64DCDB01',	'Đồ án nền và móng',	'CTCV3011'),
(7020,	1,	'DC2DD34',	'64DCDD02',	'Đồ án Nền và móng',	'CTDD3001'),
(7021,	1,	'CC2GT34',	'65CCCD21',	'Đồ án Nền và móng',	'CTCV3010'),
(7022,	1,	'CC2DD34',	'65CCDD21',	'Đồ án Nền và móng',	'CTDD3004'),
(7023,	1,	'DC2GT34',	'64DCDB02',	'Đồ án nền và móng',	'CTCV3010'),
(7024,	1,	'DC2DD34',	'64DCDD03',	'Đồ án Nền và móng',	'CTDD3004'),
(7025,	1,	'CC2GT34',	'65CCCD22',	'Đồ án Nền và móng',	'CTCV3011'),
(7026,	1,	'DC2GT34',	'64DCDB03',	'Đồ án nền và móng',	'CTCV3010'),
(7027,	1,	'DC2DD34',	'64DCDD04',	'Đồ án Nền và móng',	'CTCV2001'),
(7028,	1,	'DC2GT34',	'64DCCA01',	'Đồ án nền và móng',	'CTCV3007'),
(7029,	1,	'DC2GT34',	'64DCCA02',	'Đồ án nền và móng',	'CTCV3011'),
(7030,	1,	'DC2GT34',	'64DCCC01',	'Đồ án nền và móng',	'CTCC3004'),
(7031,	1,	'DC2GT34',	'65DLDD22',	'Đồ án nền và móng',	'CTDD3001'),
(7032,	1,	'DC2DD34',	'64DCDD01',	'Đồ án Nền và móng',	'CTCV2001'),
(7033,	1,	'DC2CK54',	'65DCOT21',	'Đồ án Nguyên lý máy',	'CKDM3003'),
(7034,	1,	'DC2CK54',	'65DCOT22',	'Đồ án Nguyên lý máy',	'CKDM3003'),
(7035,	1,	'DC2CK54',	'65DCOT23',	'Đồ án Nguyên lý máy',	'CKDM3004'),
(7036,	1,	'DC2CK54',	'65DCOT24',	'Đồ án Nguyên lý máy',	'CKDM3004'),
(7037,	1,	'DC2CK54',	'65DCMX21',	'Đồ án Nguyên lý máy',	'CKMT3003'),
(7038,	1,	'DC2CK54',	'65DCMX22',	'Đồ án Nguyên lý máy',	'CKMT3003'),
(7039,	1,	'DC3KX64',	'66DLKX21',	'Đồ án Phân tích hoạt động kinh tế của DNXD',	'KVKX3001'),
(7040,	1,	'DC3QT52',	'64DCQT01',	'Đồ án Quản trị DN',	'KVQT3001'),
(7041,	1,	'DC3QT52',	'64DCQT02',	'Đồ án Quản trị DN',	'KVQT3003'),
(7042,	1,	'DC3QT52',	'66DLQT21',	'Đồ án Quản trị DN',	'KVQT3001'),
(7043,	1,	'DC3CC49',	'64DCCC01',	'Đồ án Quy hoạch cảng',	'CTCC3003'),
(7044,	1,	'DC3CA43',	'64DCCA01',	'Đồ án Thiết kế cầu',	'CTCA3013'),
(7045,	1,	'CC3CA43',	'65CCCD21',	'Đồ án Thiết kế cầu',	'CTCA3004'),
(7046,	1,	'DC3CA44',	'65DLCD27',	'Đồ án thiết kế cầu',	'CTCA3010'),
(7047,	1,	'DC3CA43',	'64DCCA02',	'Đồ án Thiết kế cầu',	'CTCA3021'),
(7048,	1,	'CC3CA43',	'65CCCD22',	'Đồ án Thiết kế cầu',	'CTVP3005'),
(7049,	1,	'DC3CA44',	'65DLCD28',	'Đồ án thiết kế cầu',	'CTCA3013'),
(7050,	1,	'CC3DB44',	'66CLCD21',	'Đồ án Thiết kế đường',	'CTDB3002'),
(7051,	1,	'DC3DB44',	'66DLCD21',	'Đồ án thiết kế đường',	'CTCA3023'),
(7052,	1,	'DC3DB44',	'66DLCD22',	'Đồ án thiết kế đường',	'CTDB3015'),
(7053,	1,	'DC3DB44',	'66DLCD23',	'Đồ án thiết kế đường',	'CTDB3007'),
(7054,	1,	'DC3DB44',	'66DLCD24',	'Đồ án thiết kế đường',	'CTDB3010'),
(7055,	1,	'DC3DB44',	'66DLCD25',	'Đồ án thiết kế đường',	'CTDB3002'),
(7056,	1,	'DC3DB44',	'66DLCD26',	'Đồ án thiết kế đường',	'CTDB3019'),
(7057,	1,	'DC3VS59',	'66DLVS21',	'Đồ án tổ chức chạy tàu 1',	'KVSB3001'),
(7058,	1,	'DC3VS60',	'66DLVS21',	'Đồ án tổ chức chạy tàu 2',	'KVSB3003'),
(7059,	1,	'DC3CA54',	'63DCCA01',	'Đồ án Tổ chức thi công và thi công công trình xây dựng',	'CTCA3010'),
(7060,	1,	'DC3CS54',	'63DCCS01',	'Đồ án Tổ chức thi công và thi công công trình xây dựng',	'CTDS3001'),
(7061,	1,	'DC3DB54',	'63DCDB01',	'Đồ án Tổ chức thi công và thi công công trình xây dựng',	'CTDB3002'),
(7076,	1,	'DC3CK71',	'64DCMT01',	'Động cơ đốt trong',	'CKOT3006'),
(7077,	1,	'DC3CK71',	'64DCDM01',	'Động cơ đốt trong',	'CKOT3006'),
(7078,	1,	'CC3CK71',	'65CCOT21',	'Động cơ đốt trong',	'CKOT3006'),
(7079,	1,	'DL3CK71',	'66DLOT21',	'Động cơ đốt trong',	'CKOT3002'),
(7080,	1,	'DC3CK71',	'64DCMX02',	'Động cơ đốt trong',	'CKOT3002'),
(7081,	1,	'DC3CK71',	'64DCMX03',	'Động cơ đốt trong',	'CKDM3004'),
(7082,	1,	'DC2CO28',	'64DCCD08',	'Động lực học công trình',	'CTCA3002'),
(7083,	1,	'DC2CO28',	'64DCCD09',	'Động lực học công trình',	'CTCA3007'),
(7084,	1,	'DC2CO28',	'64DCCD10',	'Động lực học công trình',	'CTCA3007'),
(7085,	1,	'DC2CO28',	'64DCCD11',	'Động lực học công trình',	'CTDD3008'),
(7086,	1,	'DC2CO28',	'64DCCD12',	'Động lực học công trình',	'CTDD3008'),
(7087,	1,	'DC2CO28',	'64DCCS01',	'Động lực học công trình',	'CTCA3002'),
(7088,	1,	'DC2CO28',	'66DLCD21',	'Động lực học công trình',	'CTCA3014'),
(7089,	1,	'DC2CO28',	'66DLCD22',	'Động lực học công trình',	'CTCA3007'),
(7090,	1,	'DC2CO28',	'66DLCD23',	'Động lực học công trình',	'CTCA3007'),
(7091,	1,	'DC2CO28',	'66DLCD24',	'Động lực học công trình',	'CTKC3005'),
(7092,	1,	'DC2CO28',	'66DLCD25',	'Động lực học công trình',	'CTCA3014'),
(7093,	1,	'DC2CO28',	'66DLCD26',	'Động lực học công trình',	'CTCA3014'),
(7094,	1,	'DC1LL04',	'64DCCS01',	'Đường lối cách mạng của Đảng cộng sản Việt Nam',	'LLDL3002'),
(7095,	1,	'DC1LL04',	'64DCCC01',	'Đường lối cách mạng của Đảng cộng sản Việt Nam',	'LLDL3002'),
(7096,	1,	'CC1LL04',	'65CCTH21',	'Đường lối cách mạng của Đảng cộng sản Việt Nam',	'LLTT3001'),
(7097,	1,	'CC1LL04',	'65CCDT21',	'Đường lối cách mạng của Đảng cộng sản Việt Nam',	'LLTT3001'),
(7098,	1,	'CC1LL04',	'65CCKT21',	'Đường lối cách mạng của Đảng cộng sản Việt Nam',	'LLDL3002'),
(7099,	1,	'DC1LL04',	'65DCDT22',	'Đường lối cách mạng của Đảng cộng sản Việt Nam',	'LLTT3002'),
(7100,	1,	'DC1LL04',	'64DCKT04',	'Đường lối cách mạng của Đảng cộng sản Việt Nam',	'LLDL3003'),
(7101,	1,	'DC1LL04',	'64DCKT05',	'Đường lối cách mạng của Đảng cộng sản Việt Nam',	'LLDL3003'),
(7102,	1,	'CC1LL04',	'65CCOT21',	'Đường lối cách mạng của Đảng cộng sản Việt Nam',	'LLDL3002'),
(7103,	1,	'CC1LL04',	'65CCDD21',	'Đường lối cách mạng của Đảng cộng sản Việt Nam',	'LLDL2001'),
(7104,	1,	'DC1LL04',	'65DCDT21',	'Đường lối cách mạng của Đảng cộng sản Việt Nam',	'LLDL3002'),
(7105,	1,	'DC1LL04',	'64DCKT06',	'Đường lối cách mạng của Đảng cộng sản Việt Nam',	'LLDL3003'),
(7106,	1,	'DC1LL04',	'64DCKT07',	'Đường lối cách mạng của Đảng cộng sản Việt Nam',	'LLDL3003'),
(7107,	1,	'CC1LL04',	'65CCCD21',	'Đường lối cách mạng của Đảng cộng sản Việt Nam',	'LLDL3003'),
(7108,	1,	'CC1LL04',	'65CCCD22',	'Đường lối cách mạng của Đảng cộng sản Việt Nam',	'LLTT3001'),
(7109,	1,	'DC1LL04',	'64DCKT08',	'Đường lối cách mạng của Đảng cộng sản Việt Nam',	'LLDL3003'),
(7110,	1,	'DC1LL04',	'64DCMT01',	'Đường lối cách mạng của Đảng cộng sản Việt Nam',	'LLDL3003'),
(7111,	1,	'DC1LL04',	'64DCDM01',	'Đường lối cách mạng của Đảng cộng sản Việt Nam',	'LLDL3003'),
(7112,	1,	'DC1LL04',	'64DCOT02',	'Đường lối cách mạng của Đảng cộng sản Việt Nam',	'LLTT3002'),
(7113,	1,	'DC1LL04',	'64DCOT03',	'Đường lối cách mạng của Đảng cộng sản Việt Nam',	'LLTT3002'),
(7114,	1,	'DC1LL04',	'64DCOT04',	'Đường lối cách mạng của Đảng cộng sản Việt Nam',	'LLDL3002'),
(7115,	1,	'DC1LL04',	'64DCOT05',	'Đường lối cách mạng của Đảng cộng sản Việt Nam',	'LLDL3002'),
(7116,	1,	'DC1LL04',	'64DCTH01',	'Đường lối cách mạng của Đảng cộng sản Việt Nam',	'LLTT3002'),
(7117,	1,	'DC1LL04',	'64DCTH03',	'Đường lối cách mạng của Đảng cộng sản Việt Nam',	'LLTT3002'),
(7118,	1,	'DC1LL04',	'64DCTH02',	'Đường lối cách mạng của Đảng cộng sản Việt Nam',	'LLDL3003'),
(7119,	1,	'DC1LL04',	'65DCDT23',	'Đường lối cách mạng của Đảng cộng sản Việt Nam',	'LLDL3003'),
(7120,	1,	'DC1LL04',	'65DCVS21',	'Đường lối cách mạng của Đảng cộng sản Việt Nam',	'LLDL3002'),
(7121,	1,	'DC1LL04',	'65DCVB21',	'Đường lối cách mạng của Đảng cộng sản Việt Nam',	'LLDL3002'),
(7122,	1,	'DC1LL04',	'65DCVL21',	'Đường lối cách mạng của Đảng cộng sản Việt Nam',	'LLDL3002'),
(7123,	1,	'DC3DM62',	'64DCDM01',	'Đường sắt thường thức',	'CKDM3003'),
(7124,	1,	'DC3QT12',	'64DCKT04',	'Giao tiếp và đàm phán trong KD',	'KVQT3006'),
(7125,	1,	'DC3QT12',	'64DCKT05',	'Giao tiếp và đàm phán trong KD',	'HCQT3002'),
(7126,	1,	'DC3QT12',	'64DCKT06',	'Giao tiếp và đàm phán trong KD',	'DTAO3001'),
(7127,	1,	'DC3QT12',	'64DCKT07',	'Giao tiếp và đàm phán trong KD',	'HCQT3002'),
(7128,	1,	'DC3QT12',	'64DCKT08',	'Giao tiếp và đàm phán trong KD',	'HCQT3002'),
(7129,	1,	'DC3QT12',	'65DCQT21',	'Giao tiếp và đàm phán trong KD',	'KVQT3006'),
(7130,	1,	'DC3QT12',	'65DCQT22',	'Giao tiếp và đàm phán trong KD',	'KVQT3001'),
(7131,	1,	'DC3QT12',	'66DLKT21',	'Giao tiếp và đàm phán trong KD',	'KVQT3005'),
(7132,	1,	'DC3QT12',	'66DLKT22',	'Giao tiếp và đàm phán trong KD',	'KVQT3005'),
(7133,	1,	'DC3QT12',	'66DLKX21',	'Giao tiếp và đàm phán trong KD',	'KVQT3001'),
(7134,	1,	'DC2KV25',	'65DCVL21',	'Hạ tầng giao thông vận tải',	'KVSB3009'),
(7135,	1,	'DC2KV25',	'66DCVB21',	'Hạ tầng giao thông vận tải',	'KVSB3009'),
(7136,	1,	'DC2VB39',	'66DCVB21',	'Hạ tầng GTVT đường bộ',	'KVSB3009'),
(7137,	1,	'DC2KV31',	'66DCVL21',	'Hàng hóa vận tải',	'KVSB3002'),
(7138,	1,	'DC2KV31',	'66DCVL22',	'Hàng hóa vận tải',	'KVSB3006'),
(7139,	1,	'DC2KV31',	'66DCVB21',	'Hàng hóa vận tải',	'KVSB3009'),
(7140,	1,	'DC3HT21',	'65DCHT21',	'Hệ quản trị Cơ sở dữ liệu',	'TTUD3003'),
(7141,	1,	'DC3HT21',	'65DCHT22',	'Hệ quản trị Cơ sở dữ liệu',	'TTUD3003'),
(7142,	1,	'DC3HT21',	'65DCHT23',	'Hệ quản trị Cơ sở dữ liệu',	'TTCS3005'),
(7143,	1,	'DC3OT36',	'63DCOT02',	'Hệ thống điều hòa và thiết bị tiện nghi trên ô tô',	'CKOT3011'),
(7144,	1,	'DC3OT36',	'63DCOT01',	'Hệ thống điều hòa và thiết bị tiện nghi trên ô tô',	'CKOT2001'),
(7145,	1,	'DC3DT63',	'64DCDT01',	'Hệ thống viễn thông',	'TTDT3016'),
(7146,	1,	'DC3DT63',	'64DCDT02',	'Hệ thống viễn thông',	'TTDT3016'),
(7147,	1,	'DC3DT63',	'64DCDT03',	'Hệ thống viễn thông',	'TTDT3016'),
(7148,	1,	'CC2CO12',	'66CCOT21',	'Hình hoạ - Vẽ kỹ thuật (CK)',	'CSKT3005'),
(7149,	1,	'DC2CO11',	'66DCCS21',	'Hình hoạ - Vẽ kỹ thuật',	'CSKT3008'),
(7150,	1,	'DC2DD11',	'66DCDD21',	'Hình hoạ - Vẽ kỹ thuật',	'CSKT3002'),
(7151,	1,	'DC2CO11',	'66DCCDA1',	'Hình hoạ - Vẽ kỹ thuật',	'CSKT3002'),
(7152,	1,	'DC2DD11',	'66DCDD22',	'Hình hoạ - Vẽ kỹ thuật',	'CSKT3008'),
(7153,	1,	'DC2CO11',	'66DCCD21',	'Hình hoạ - Vẽ kỹ thuật',	'CSKT3002'),
(7154,	1,	'DC2DD11',	'66DCDD23',	'Hình hoạ - Vẽ kỹ thuật',	'CSKT3013'),
(7155,	1,	'DC2CO11',	'66DCCD22',	'Hình hoạ - Vẽ kỹ thuật',	'CSKT3008'),
(7156,	1,	'DC2CO11',	'66DCCD23',	'Hình hoạ - Vẽ kỹ thuật',	'CSKT3013'),
(7157,	1,	'DC2CO11',	'66DCCD24',	'Hình hoạ - Vẽ kỹ thuật',	'XDCB3003'),
(7158,	1,	'DC2CO11',	'66DCCD25',	'Hình hoạ - Vẽ kỹ thuật',	'XDCB3003'),
(7159,	1,	'DC2CO11',	'66DCCC21',	'Hình hoạ - Vẽ kỹ thuật',	'CSKT3001'),
(7160,	1,	'DC1CB26',	'66DCCS21',	'Hoá học đại cương',	'CBLH3004'),
(7161,	1,	'DC1CB26',	'66DCCD21',	'Hoá học đại cương',	'CBLH3002'),
(7162,	1,	'DC1CB26',	'66DCCD22',	'Hoá học đại cương',	'CBLH3005'),
(7163,	1,	'DC1CB26',	'66DCCD23',	'Hoá học đại cương',	'CBLH3005'),
(7164,	1,	'DC1CB26',	'66DCCD24',	'Hoá học đại cương',	'CBLH3002'),
(7165,	1,	'DC1CB26',	'66DCCD25',	'Hoá học đại cương',	'CBLH3004'),
(7166,	1,	'DC1CB26',	'66DCCC21',	'Hoá học đại cương',	'CBLH3002'),
(7167,	1,	'DC1CB26',	'66DCDM21',	'Hoá học đại cương',	'CBLH3005'),
(7168,	1,	'DC1CB26',	'66DCOT21',	'Hoá học đại cương',	'CBLH3004'),
(7169,	1,	'DC1CB26',	'66DCOT22',	'Hoá học đại cương',	'CBLH3004'),
(7170,	1,	'DC1CB26',	'66DCOT23',	'Hoá học đại cương',	'CBLH3002'),
(7171,	1,	'DC1CB26',	'66DCOT24',	'Hoá học đại cương',	'CBLH3005'),
(7172,	1,	'DC1CB93',	'66DCMO21',	'Hóa lý',	'CBLH3004'),
(7173,	1,	'DC3VB74',	'65DCVB21',	'Kế toán doanh nghiệp vận tải ô tô',	'KVKK3001'),
(7174,	1,	'CC3KT21',	'66CCKT21',	'Kế toán tài chính 1',	'KVKK2004'),
(7175,	1,	'DC3KT21',	'66DCKT21',	'Kế toán tài chính 1',	'KVTN3004'),
(7176,	1,	'DC3KT21',	'66DCKT22',	'Kế toán tài chính 1',	'KVKK3001'),
(7177,	1,	'DC3KT21',	'66DCKT23',	'Kế toán tài chính 1',	'KVKK3002'),
(7178,	1,	'DC3KT21',	'66DCKT24',	'Kế toán tài chính 1',	'KVKK3006'),
(7179,	1,	'DC3KT21',	'66DCKT25',	'Kế toán tài chính 1',	'KVTN3004'),
(7180,	1,	'DC3KT21',	'66DCKT26',	'Kế toán tài chính 1',	'KVKK3003'),
(7181,	1,	'DC3KT21',	'66DCKT27',	'Kế toán tài chính 1',	'KVTN3006'),
(7182,	1,	'CC3KT23',	'65CCKT21',	'Kế toán tài chính 3',	'KVKK3010'),
(7183,	1,	'DC3KT23',	'65DCKT21',	'Kế toán tài chính 3',	'KVKK3005'),
(7184,	1,	'DC3KT23',	'65DCKT22',	'Kế toán tài chính 3',	'KVKK3002'),
(7185,	1,	'DC3KT23',	'65DCKT23',	'Kế toán tài chính 3',	'KVKK3007'),
(7186,	1,	'DC3KT23',	'65DCKT24',	'Kế toán tài chính 3',	'KVKK3013'),
(7187,	1,	'DL3KT21',	'66DLKT21',	'Kế toán tài chính',	'KVKK3007'),
(7188,	1,	'DL3KT21',	'66DLKT22',	'Kế toán tài chính',	'KVKK3007'),
(7189,	1,	'DC3KT27',	'64DCKT04',	'Kế toán thuế',	'KVKK3012'),
(7190,	1,	'DC3KT27',	'64DCKT05',	'Kế toán thuế',	'KVKK3012'),
(7191,	1,	'DC3KT27',	'64DCKT06',	'Kế toán thuế',	'KVKK3012'),
(7192,	1,	'DC3KT27',	'64DCKT07',	'Kế toán thuế',	'KVKK3005'),
(7193,	1,	'DC3KT27',	'64DCKT08',	'Kế toán thuế',	'KVKK3012'),
(7194,	1,	'DC3KT24',	'64DCKT04',	'Kế toán tổng hợp',	'KVKK3003'),
(7195,	1,	'DL3KT24',	'66DLKT21',	'Kế toán tổng hợp',	'KVKK3005'),
(7196,	1,	'DC3KT24',	'64DCKT05',	'Kế toán tổng hợp',	'KVKK3005'),
(7197,	1,	'DL3KT24',	'66DLKT22',	'Kế toán tổng hợp',	'KVKK3006'),
(7198,	1,	'DC3KT24',	'64DCKT06',	'Kế toán tổng hợp',	'KVKK3007'),
(7199,	1,	'DC3KT24',	'64DCKT07',	'Kế toán tổng hợp',	'KVKK3006'),
(7200,	1,	'DC3KT24',	'64DCKT08',	'Kế toán tổng hợp',	'KVKK3003'),
(7201,	1,	'CC3KT29',	'65CCKT21',	'Kế toán xây dựng cơ bản',	'KVKK3010'),
(7202,	1,	'CC3OT43',	'65CCOT21',	'Kết cấu - tính toán ô tô',	'CKOT3007'),
(7203,	1,	'DL3OT43',	'65DLOT22',	'Kết cấu - Tính toán ô tô',	'CKOT3007'),
(7204,	1,	'DL2GT52',	'66DLCD21',	'Kết cấu BTCT',	'CTCA3020'),
(7205,	1,	'DL2DD52',	'66DLDD21',	'Kết cấu BTCT',	'CTDD3007'),
(7206,	1,	'DL2GT52',	'66DLCD22',	'Kết cấu BTCT',	'CTCA3020'),
(7207,	1,	'DL2DD52',	'66DLDD22',	'Kết cấu BTCT',	'CTDD3005'),
(7208,	1,	'DL2GT52',	'66DLCD23',	'Kết cấu BTCT',	'CTCA3009'),
(7209,	1,	'DL2GT52',	'66DLCD24',	'Kết cấu BTCT',	'CTCA3005'),
(7210,	1,	'DL2GT52',	'66DLCD25',	'Kết cấu BTCT',	'CTCV3006'),
(7211,	1,	'DL2GT52',	'66DLCD26',	'Kết cấu BTCT',	'CTCA3020'),
(7212,	1,	'DC2DD53',	'64DCDD02',	'Kết cấu gạch, đá và gỗ',	'XDCB3004'),
(7213,	1,	'CC2DD53',	'65CCDD21',	'Kết cấu gạch, đá và gỗ',	'CTDD3004'),
(7214,	1,	'DC2DD53',	'64DCDD03',	'Kết cấu gạch, đá và gỗ',	'CTDD3009'),
(7215,	1,	'DC2DD53',	'64DCDD04',	'Kết cấu gạch, đá và gỗ',	'CTDD3009'),
(7216,	1,	'DC3DD43',	'64DCDD02',	'Kết cấu nhà bê tông cốt thép',	'CTDD3009'),
(7217,	1,	'DC3DD43',	'64DCDD03',	'Kết cấu nhà bê tông cốt thép',	'CTDD3005'),
(7218,	1,	'DC3DD43',	'64DCDD04',	'Kết cấu nhà bê tông cốt thép',	'CTDD3001'),
(7219,	1,	'DC3DD43',	'64DCDD01',	'Kết cấu nhà bê tông cốt thép',	'XDCB3005'),
(7220,	1,	'CC3DD43',	'65CCDD21',	'Kết cấu nhà bêtông cốt thép',	'CTDD3007'),
(7221,	1,	'DC3DD44',	'64DCDD02',	'Kết cấu nhà thép',	'CTDD3002'),
(7222,	1,	'CC3DD44',	'65CCDD21',	'Kết cấu nhà thép',	'CTDD3002'),
(7223,	1,	'DC3DD44',	'64DCDD03',	'Kết cấu nhà thép',	'CTDD3004'),
(7224,	1,	'DC3DD44',	'64DCDD04',	'Kết cấu nhà thép',	'CTDD3010'),
(7225,	1,	'DC3DD44',	'64DCDD01',	'Kết cấu nhà thép',	'CTDD3010'),
(7226,	1,	'DL3DD43',	'66DLDD21',	'Kết cấu nhà',	'CTDD3005'),
(7227,	1,	'DL3DD43',	'66DLDD22',	'Kết cấu nhà',	'CTDD3001'),
(7228,	1,	'CC2KX37',	'66CCKX21',	'Kết cấu thép và bêtông cốt thép',	'CTKC4003'),
(7229,	1,	'DC2KX37',	'66DCKX21',	'Kết cấu thép và bêtông cốt thép',	'CTCA3005'),
(7230,	1,	'DC2KX37',	'66DCKX22',	'Kết cấu thép và bêtông cốt thép',	'CTCA3009'),
(7231,	1,	'DC2KX37',	'66DCKX23',	'Kết cấu thép và bêtông cốt thép',	'CTCA3007'),
(7232,	1,	'DC2KX37',	'66DCKX24',	'Kết cấu thép và bêtông cốt thép',	'CTCA3002'),
(7233,	1,	'DC3DM41',	'64DCDM01',	'Kết cấu tính toán đầu máy',	'CKDM3003'),
(7246,	1,	'DC4KT80',	'63DCKT02',	'Khoá luận tốt nghiệp',	'KVKK3015'),
(7247,	1,	'DC3KV43',	'66DLKT21',	'Kiểm toán báo cáo TC',	'KVKK3002'),
(7248,	1,	'DC3KV43',	'66DLKT22',	'Kiểm toán báo cáo TC',	'KVKK3001'),
(7249,	1,	'DC2KV81',	'64DCKT04',	'Kiểm toán căn bản',	'KVKK3001'),
(7250,	1,	'DC2KV81',	'64DCKT05',	'Kiểm toán căn bản',	'KVKK3013'),
(7251,	1,	'DC2KV81',	'64DCKT06',	'Kiểm toán căn bản',	'KVKK3002'),
(7252,	1,	'DC2KV81',	'64DCKT07',	'Kiểm toán căn bản',	'KVKK3013'),
(7253,	1,	'DC2KV81',	'64DCKT08',	'Kiểm toán căn bản',	'KVKK3013'),
(7254,	1,	'CC2DT57',	'65CCDT21',	'Kiến trúc máy tính',	'TTDT3012'),
(7255,	1,	'DC2HT11',	'66DCHT21',	'Kiến trúc máy tính',	'TTUD2003'),
(7256,	1,	'DC2HT11',	'66DCHT22',	'Kiến trúc máy tính',	'TTUD2003'),
(7257,	1,	'DC2HT11',	'66DCHT23',	'Kiến trúc máy tính',	'TTCS3006'),
(7258,	1,	'DC2HT11',	'66DCTM21',	'Kiến trúc máy tính',	'TTCS3006'),
(7259,	1,	'DC2HT11',	'66DCTM22',	'Kiến trúc máy tính',	'TTCS3006'),
(7260,	1,	'DC2HT11',	'66DCTM23',	'Kiến trúc máy tính',	'TTUD2003'),
(7261,	1,	'CC2KV64',	'66CCKX21',	'Kinh tế học',	'KVCS3004'),
(7262,	1,	'DC2KV64',	'66DLVS21',	'Kinh tế học',	'KVCS3003'),
(7263,	1,	'DC2KV63',	'65DCKX21',	'Kinh tế lượng',	'KVQT3008'),
(7264,	1,	'DC2KV63',	'65DCKX22',	'Kinh tế lượng',	'KVQT3008'),
(7265,	1,	'DC2KV63',	'65DCKX23',	'Kinh tế lượng',	'KVKX3005'),
(7266,	1,	'DC2KV63',	'66DLKT23',	'Kinh tế lượng',	'KVQT3008'),
(7267,	1,	'DC2KV82',	'65DCKT21',	'Kinh tế quốc tế',	'KVCS3004'),
(7268,	1,	'DC2KV82',	'65DCKT22',	'Kinh tế quốc tế',	'KVCS3004'),
(7269,	1,	'DC2KV82',	'65DCKT23',	'Kinh tế quốc tế',	'KVCS3004'),
(7270,	1,	'DC2KV82',	'65DCKT24',	'Kinh tế quốc tế',	'KVCS3004'),
(7271,	1,	'DC2KV82',	'66DLKT23',	'Kinh tế quốc tế',	'KVCS3006'),
(7272,	1,	'DC2VS63',	'65DCVS21',	'Kinh tế vận tải đường sắt',	'KVVP3002'),
(7273,	1,	'DC2VB63',	'65DCVB21',	'Kinh tế vận tải ô tô',	'KVSB3007'),
(7274,	1,	'DC2KV24',	'65DCVL21',	'Kinh tế vận tải',	'KVSB3004'),
(7275,	1,	'CC2KV62',	'66CCKT21',	'Kinh tế vĩ mô',	'KVCS3003'),
(7276,	1,	'DC2KV62',	'66DCKT21',	'Kinh tế vĩ mô',	'KVCS3004'),
(7277,	1,	'DC2KV62',	'66DCKT22',	'Kinh tế vĩ mô',	'KVCS3004'),
(7278,	1,	'DC2KV62',	'66DCKT23',	'Kinh tế vĩ mô',	'KVCS3004'),
(7279,	1,	'DC2KV62',	'66DCKT24',	'Kinh tế vĩ mô',	'KVCS3004'),
(7280,	1,	'DC2KV62',	'66DCKT25',	'Kinh tế vĩ mô',	'KVCS3004'),
(7281,	1,	'DC2KV62',	'66DCKT26',	'Kinh tế vĩ mô',	'KVCS3003'),
(7282,	1,	'DC2KV62',	'66DCKT27',	'Kinh tế vĩ mô',	'KVCS3003'),
(7283,	1,	'DC2KV62',	'66DCQT21',	'Kinh tế vĩ mô',	'KVCS3003'),
(7284,	1,	'DC2KV62',	'66DCQT22',	'Kinh tế vĩ mô',	'KVCS3003'),
(7285,	1,	'DC2KV62',	'66DCQT23',	'Kinh tế vĩ mô',	'KVCS3003'),
(7286,	1,	'DC2KV62',	'66DCQT24',	'Kinh tế vĩ mô',	'KVCS3003'),
(7287,	1,	'DC3CT91',	'64DCCD08',	'Kinh tế xây dựng (CT)',	'KVKX3003'),
(7288,	1,	'DC3CT91',	'64DCCD09',	'Kinh tế xây dựng (CT)',	'KVKX3003'),
(7289,	1,	'DC3CT91',	'64DCCD10',	'Kinh tế xây dựng (CT)',	'KVKX3003'),
(7290,	1,	'DC3CT91',	'64DCCD11',	'Kinh tế xây dựng (CT)',	'KVTN3003'),
(7291,	1,	'DC3CT91',	'64DCCD12',	'Kinh tế xây dựng (CT)',	'KVTN3003'),
(7292,	1,	'DC3CT91',	'64DCCS01',	'Kinh tế xây dựng (CT)',	'KVKX3003'),
(7293,	1,	'DC3CT91',	'64DCDB01',	'Kinh tế xây dựng (CT)',	'KVKX3003'),
(7294,	1,	'DC3CT91',	'64DCDB02',	'Kinh tế xây dựng (CT)',	'KVTN3003'),
(7295,	1,	'DC3CT91',	'64DCDB03',	'Kinh tế xây dựng (CT)',	'KVKX3004'),
(7296,	1,	'DC2KV65',	'65DCQT21',	'Kinh tế xây dựng',	'KVKX3003'),
(7297,	1,	'CC2KV65',	'66CCKT21',	'Kinh tế xây dựng',	'KVKX3003'),
(7298,	1,	'DC2KV65',	'65DCQT22',	'Kinh tế xây dựng',	'KVKX3003'),
(7299,	1,	'DL3CA53',	'65DLCD27',	'KTTC và TCTC cầu',	'CTCA3006'),
(7300,	1,	'DL3CA53',	'65DLCD28',	'KTTC và TCTC cầu',	'CTCA3010'),
(7301,	1,	'DL3DB53',	'65DLCD27',	'KTTC và TCTC đường bộ',	'CTDB3014'),
(7302,	1,	'DL3DB53',	'65DLCD28',	'KTTC và TCTC đường bộ',	'CTDB3001'),
(7303,	1,	'DC2CK41',	'65DCDM21',	'Kỹ thuật điện - điện tử',	'TTDT3013'),
(7304,	1,	'DC2CK41',	'65DCMT21',	'Kỹ thuật điện - điện tử',	'TTDT3013'),
(7305,	1,	'CC2CK41',	'66CCOT21',	'Kỹ thuật điện - điện tử',	'TTDT3003'),
(7306,	1,	'CC2CT41',	'66CLCD21',	'Kỹ thuật điện công trình',	'TTDT3001'),
(7307,	1,	'DC1TH47',	'65DCDT23',	'Kỹ thuật điện',	'TTDT3002'),
(7308,	1,	'DC1TH47',	'64DCDT03',	'Kỹ thuật điện',	'TTDT3003'),
(7309,	1,	'CC3TH11',	'65CCTH21',	'Kỹ thuật đồ hoạ ứng dụng',	'TTCS2003'),
(7310,	1,	'CL3DB51',	'66CLCD21',	'Kỹ thuật thi công đường ô tô',	'CTVP3004'),
(7311,	1,	'CC3DB52',	'65CCCD21',	'Kỹ thuật thi công mặt đường',	'CTDB3019'),
(7312,	1,	'CC3DB52',	'65CCCD22',	'Kỹ thuật thi công mặt đường',	'CTCA3023'),
(7313,	1,	'CC3DB51',	'65CCCD21',	'Kỹ thuật thi công nền đường',	'CTCA3023'),
(7314,	1,	'CC3DB51',	'65CCCD22',	'Kỹ thuật thi công nền đường',	'CTDB3011'),
(7315,	1,	'DC3CC51',	'64DCCC01',	'Kỹ thuật thi công 1',	'CTCC3004'),
(7316,	1,	'DL3DD51',	'65DLDD23',	'Kỹ thuật thi công',	'CTDD3005'),
(7317,	1,	'DC2DT62',	'64DCDT01',	'Kỹ thuật vi xử lý và ứng dụng',	'TTDT3017'),
(7318,	1,	'CC2DT62',	'65CCDT21',	'Kỹ thuật vi xử lý và ứng dụng',	'TTDT3018'),
(7319,	1,	'DC2DT62',	'64DCDT02',	'Kỹ thuật vi xử lý và ứng dụng',	'TTDT3017'),
(7320,	1,	'DC2DT62',	'64DCDT03',	'Kỹ thuật vi xử lý và ứng dụng',	'TTDT3018'),
(7321,	1,	'CC2TH81',	'66CCTH21',	'Lắp ráp, cài đặt và sửa chữa máy tính',	'TTCS2003'),
(7322,	1,	'DC2DT23',	'C++-2-15',	'Lập trình C/C++',	'TTVP3002'),
(7323,	1,	'DC2DT23',	'C++-2-15',	'Lập trình C/C++',	'TTDT3017'),
(7324,	1,	'DC2DT23',	'C++-2-15',	'Lập trình C/C++',	'TTDT3014'),
(7325,	1,	'CC2TH32',	'66CCTH21',	'Lập trình cơ bản C',	'TTCS3005'),
(7326,	1,	'CC2TH78',	'65CCTH21',	'Lập trình hướng đối tượng C++',	'TTCS3004'),
(7327,	1,	'DC2TT35',	'65DCHT21',	'Lập trình hướng đối tượng C++',	'TTVP3005'),
(7328,	1,	'DC2TT35',	'65DCHT22',	'Lập trình hướng đối tượng C++',	'TTCS3004'),
(7329,	1,	'DC2TT35',	'65DCHT23',	'Lập trình hướng đối tượng C++',	'TTCS3004'),
(7330,	1,	'DC2TT35',	'65DCDT21',	'Lập trình hướng đối tượng C++',	'TTDT3017'),
(7331,	1,	'DC2TT35',	'65DCDT22',	'Lập trình hướng đối tượng C++',	'TTDT3017'),
(7332,	1,	'DC2TT35',	'65DCDT23',	'Lập trình hướng đối tượng C++',	'TTDT3017'),
(7333,	1,	'DC2HT36',	'64DCTH01',	'Lập trình trên môi trường Web',	'TTCS3008'),
(7334,	1,	'DC2HT36',	'64DCTH02',	'Lập trình trên môi trường Web',	'TTUD2003'),
(7335,	1,	'DC2HT36',	'64DCTH03',	'Lập trình trên môi trường Web',	'TTUD2003'),
(7336,	1,	'DC1KV51',	'66DCTN21',	'Lịch sử các học thuyết kinh tế',	'KVTN3002'),
(7337,	1,	'DC1KV51',	'66DCTN22',	'Lịch sử các học thuyết kinh tế',	'KVTN3002'),
(7338,	1,	'DC3KV15',	'66DLVS21',	'Logistics',	'KVSB3002'),
(7339,	1,	'CC1CB19',	'66CCKT21',	'LT xác suất - thống kê (KT)',	'CBTO4002'),
(7340,	1,	'CC1CB20',	'66CCKX21',	'LT xác suất - thống kê',	'CBTO3010'),
(7341,	1,	'CC1CB20',	'66CCTH21',	'LT xác suất - thống kê',	'CBTO4000'),
(7342,	1,	'DC1MO21',	'66DCMO21',	'Luật và chính sách môi trường',	'CTMT4000'),
(7343,	1,	'DC2HT25',	'65DCHT21',	'Lý thuyết đồ thị',	'TTCS3003'),
(7344,	1,	'DC2HT25',	'65DCHT22',	'Lý thuyết đồ thị',	'TTCS3008'),
(7345,	1,	'DC2HT25',	'65DCHT23',	'Lý thuyết đồ thị',	'TTCS3008'),
(7346,	1,	'DL2OT70',	'66DLOT21',	'Lý thuyết ô tô',	'CKOT3005'),
(7347,	1,	'DC2DT43',	'66DCDT21',	'Lý thuyết truyền tin',	'TTDT3007'),
(7348,	1,	'DC2DT43',	'66DCDT22',	'Lý thuyết truyền tin',	'TTDT3007'),
(7349,	1,	'DC2DT43',	'66DCDT23',	'Lý thuyết truyền tin',	'TTDT3007'),
(7350,	1,	'DC3MT40',	'64DCMT01',	'Lý thuyết và kết cấu tàu thủy',	'CKMT3003'),
(7351,	1,	'DC1CB19',	'66DCKT21',	'Lý thuyết xác suất - thống kê (KT)',	'CBTO3003'),
(7352,	1,	'DC1CB19',	'66DCKT22',	'Lý thuyết xác suất - thống kê (KT)',	'CBTO3003'),
(7353,	1,	'DC1CB19',	'66DCKT23',	'Lý thuyết xác suất - thống kê (KT)',	'CBTO3003'),
(7354,	1,	'DC1CB19',	'66DCKT24',	'Lý thuyết xác suất - thống kê (KT)',	'CBTO3011'),
(7355,	1,	'DC1CB19',	'66DCKT25',	'Lý thuyết xác suất - thống kê (KT)',	'CBTO3011'),
(7356,	1,	'DC1CB19',	'66DCKT26',	'Lý thuyết xác suất - thống kê (KT)',	'CBTO4007'),
(7357,	1,	'DC1CB19',	'66DCKT27',	'Lý thuyết xác suất - thống kê (KT)',	'CBTO4007'),
(7358,	1,	'DC1CB19',	'66DCTN21',	'Lý thuyết xác suất - thống kê (KT)',	'CBTO3010'),
(7359,	1,	'DC1CB19',	'66DCTN22',	'Lý thuyết xác suất - thống kê (KT)',	'CBTO3010'),
(7360,	1,	'DC1CB19',	'66DCQT21',	'Lý thuyết xác suất - thống kê (KT)',	'CBTO3011'),
(7361,	1,	'DC1CB19',	'66DCQT22',	'Lý thuyết xác suất - thống kê (KT)',	'CBTO3011'),
(7362,	1,	'DC1CB19',	'66DCQT23',	'Lý thuyết xác suất - thống kê (KT)',	'CBTO3011'),
(7363,	1,	'DC1CB19',	'66DCQT24',	'Lý thuyết xác suất - thống kê (KT)',	'CBTO3010'),
(7364,	1,	'DC1CB20',	'64DCDM01',	'Lý thuyết xác suất - thống kê',	'CBTO3003'),
(7365,	1,	'DC1CB20',	'65DCCS21',	'Lý thuyết xác suất - thống kê',	'CBTO3003'),
(7366,	1,	'DC1CB25',	'66DCMO21',	'Lý thuyết xác suất - thống kê',	'CBTO3010'),
(7367,	1,	'DC1CB20',	'65DCCD21',	'Lý thuyết xác suất - thống kê',	'CBTO3003'),
(7368,	1,	'DC1CB20',	'65DCCD22',	'Lý thuyết xác suất - thống kê',	'CBTO3003'),
(7369,	1,	'DC1CB20',	'65DCCD23',	'Lý thuyết xác suất - thống kê',	'CBTO3003'),
(7370,	1,	'DC1CB20',	'66DCCS21',	'Lý thuyết xác suất - thống kê',	'CBTO4002'),
(7371,	1,	'DC1CB20',	'65DCHT21',	'Lý thuyết xác suất - thống kê',	'CBTO3003'),
(7372,	1,	'DC1CB20',	'65DCHT22',	'Lý thuyết xác suất - thống kê',	'CBTO3003'),
(7373,	1,	'DC1CB20',	'65DCHT23',	'Lý thuyết xác suất - thống kê',	'CBTO3003'),
(7374,	1,	'DC1CB20',	'65DCDT21',	'Lý thuyết xác suất - thống kê',	'CBTO3001'),
(7375,	1,	'DC1CB20',	'65DCDT22',	'Lý thuyết xác suất - thống kê',	'CBTO3001'),
(7376,	1,	'DC1CB20',	'65DCDT23',	'Lý thuyết xác suất - thống kê',	'CBTO3001'),
(7377,	1,	'DC1CB20',	'66DCCD21',	'Lý thuyết xác suất - thống kê',	'CBTO3008'),
(7378,	1,	'DC1CB20',	'66DCCD22',	'Lý thuyết xác suất - thống kê',	'CBTO3008'),
(7379,	1,	'DC1CB20',	'66DCCD23',	'Lý thuyết xác suất - thống kê',	'CBTO3008'),
(7380,	1,	'DC1CB20',	'66DCCD24',	'Lý thuyết xác suất - thống kê',	'CBTO3008'),
(7381,	1,	'DC1CB20',	'66DCCD25',	'Lý thuyết xác suất - thống kê',	'CBTO3008'),
(7382,	1,	'DC1CB20',	'66DCCA21',	'Lý thuyết xác suất - thống kê',	'CBTO4000'),
(7383,	1,	'DC1CB20',	'66DCCA22',	'Lý thuyết xác suất - thống kê',	'CBTO4002'),
(7384,	1,	'DC1CB20',	'66DCDB21',	'Lý thuyết xác suất - thống kê',	'CBTO4000'),
(7385,	1,	'DC1CB20',	'66DCDB22',	'Lý thuyết xác suất - thống kê',	'CBTO4000'),
(7386,	1,	'DC1CB20',	'66DCDD21',	'Lý thuyết xác suất - thống kê',	'CBTO4007'),
(7387,	1,	'DC1CB20',	'66DCDD22',	'Lý thuyết xác suất - thống kê',	'CBTO4007'),
(7388,	1,	'DC1CB20',	'66DCDD23',	'Lý thuyết xác suất - thống kê',	'CBTO4007'),
(7389,	1,	'DC1CB20',	'66DCCC21',	'Lý thuyết xác suất - thống kê',	'CBTO4000'),
(7390,	1,	'DC1CB20',	'66DCHT21',	'Lý thuyết xác suất - thống kê',	'CBTO3003'),
(7391,	1,	'DC1CB20',	'66DCHT22',	'Lý thuyết xác suất - thống kê',	'CBTO3003'),
(7392,	1,	'DC1CB20',	'66DCHT23',	'Lý thuyết xác suất - thống kê',	'CBTO3003'),
(7393,	1,	'DC1CB20',	'66DCTM21',	'Lý thuyết xác suất - thống kê',	'CBTO4002'),
(7394,	1,	'DC1CB20',	'66DCTM22',	'Lý thuyết xác suất - thống kê',	'CBTO4002'),
(7395,	1,	'DC1CB20',	'66DCTM23',	'Lý thuyết xác suất - thống kê',	'CBTO4000'),
(7396,	1,	'DC1CB20',	'66DCKX21',	'Lý thuyết xác suất - thống kê',	'CBTO4010'),
(7397,	1,	'DC1CB20',	'66DCKX22',	'Lý thuyết xác suất - thống kê',	'CBTO4010'),
(7398,	1,	'DC1CB20',	'66DCKX23',	'Lý thuyết xác suất - thống kê',	'CBTO4010'),
(7399,	1,	'DC1CB20',	'66DCKX24',	'Lý thuyết xác suất - thống kê',	'CBTO4010'),
(7400,	1,	'DC1CB20',	'66DCDT21',	'Lý thuyết xác suất - thống kê',	'CBTO4010'),
(7401,	1,	'DC1CB20',	'66DCDT22',	'Lý thuyết xác suất - thống kê',	'CBTO4010'),
(7402,	1,	'DC1CB20',	'66DCDT23',	'Lý thuyết xác suất - thống kê',	'CBTO3008'),
(7403,	1,	'DC1CB20',	'66DLDD21',	'Lý thuyết xác suất - thống kê',	'CBTO3001'),
(7404,	1,	'DC1CB20',	'66DLDD22',	'Lý thuyết xác suất - thống kê',	'CBTO3011'),
(7405,	1,	'DC1CB20',	'66DLOT22',	'Lý thuyết xác suất - thống kê',	'CBTO4004'),
(7406,	1,	'DC1CB20',	'66DLCD27',	'Lý thuyết xác suất - thống kê',	'CBTO3010'),
(7407,	1,	'DC1CB20',	'66DLCD28',	'Lý thuyết xác suất - thống kê',	'CBTO3003'),
(7408,	1,	'DC1CB20',	'66DLCD29',	'Lý thuyết xác suất - thống kê',	'CBTO3007'),
(7409,	1,	'DC1CB20',	'66DLCD21',	'Lý thuyết xác suất - thống kê',	'CBTO3003'),
(7410,	1,	'DC1CB20',	'66DLCD22',	'Lý thuyết xác suất - thống kê',	'CBTO4004'),
(7411,	1,	'DC1CB20',	'66DLCD23',	'Lý thuyết xác suất - thống kê',	'CBTO4004'),
(7412,	1,	'DC1CB20',	'66DLCD24',	'Lý thuyết xác suất - thống kê',	'CBTO3010'),
(7413,	1,	'DC1CB20',	'66DLCD25',	'Lý thuyết xác suất - thống kê',	'CBTO4002'),
(7414,	1,	'DC1CB20',	'66DLCD26',	'Lý thuyết xác suất - thống kê',	'CBTO4002'),
(7415,	1,	'DC2KV74',	'66DCKT21',	'Marketing căn bản',	'KVCS3006'),
(7416,	1,	'DC2KV74',	'66DCKT22',	'Marketing căn bản',	'KVCS3006'),
(7417,	1,	'DC2KV74',	'66DCKT23',	'Marketing căn bản',	'KVCS3006'),
(7418,	1,	'DC2KV74',	'66DCKT24',	'Marketing căn bản',	'KVCS3006'),
(7419,	1,	'DC2KV74',	'66DCKT25',	'Marketing căn bản',	'KVVP3004'),
(7420,	1,	'DC2KV74',	'66DCKT26',	'Marketing căn bản',	'KVTN3009'),
(7421,	1,	'DC2KV74',	'66DCKT27',	'Marketing căn bản',	'KVVP3004'),
(7422,	1,	'DC2KV74',	'66DCQT21',	'Marketing căn bản',	'KVTN3009'),
(7423,	1,	'DC2KV74',	'66DCQT22',	'Marketing căn bản',	'KVCS3002'),
(7424,	1,	'DC2KV74',	'66DCQT23',	'Marketing căn bản',	'KVTN3009'),
(7425,	1,	'DC2KV74',	'66DCQT24',	'Marketing căn bản',	'KVTN3009'),
(7426,	1,	'DC2KV23',	'65DCVS21',	'Marketing vận tải',	'KVSB3007'),
(7427,	1,	'DC2KV23',	'65DCVB21',	'Marketing vận tải',	'KVSB3007'),
(7428,	1,	'DC2KV23',	'65DCVL21',	'Marketing vận tải',	'KVVP3004'),
(7429,	1,	'DC1TH48',	'65DCDT23',	'Matlab và ứng dụng',	'TTDT3014'),
(7430,	1,	'DC3MX43',	'64DCMX02',	'Máy nâng vận chuyển',	'CKMX3004'),
(7431,	1,	'DC3MX43',	'64DCMX03',	'Máy nâng vận chuyển',	'CKMX3007'),
(7432,	1,	'DC2GT42',	'64DCCD08',	'Máy xây dựng',	'CKMX3003'),
(7433,	1,	'DC2GT42',	'64DCCD09',	'Máy xây dựng',	'CKMX3003'),
(7434,	1,	'DC2GT42',	'64DCCD10',	'Máy xây dựng',	'CKMX3004'),
(7435,	1,	'DC2GT42',	'64DCCD11',	'Máy xây dựng',	'CKMX3004'),
(7436,	1,	'DC2GT42',	'64DCCD12',	'Máy xây dựng',	'CKMX3007'),
(7437,	1,	'DC2GT42',	'65DCDB21',	'Máy xây dựng',	'CKMX3003'),
(7438,	1,	'DC2GT42',	'65DCDB22',	'Máy xây dựng',	'CKMX3002'),
(7439,	1,	'DC2GT42',	'65DCDB23',	'Máy xây dựng',	'CKMX3004'),
(7440,	1,	'DC1CB92',	'64DCCD08',	'Môi trường trong xây dựng',	'CTTL3006'),
(7441,	1,	'CC1CB92',	'65CCCD21',	'Môi trường trong xây dựng',	'CTTL3006'),
(7442,	1,	'DC1CB92',	'64DCCD09',	'Môi trường trong xây dựng',	'CTTL3006'),
(7443,	1,	'CC1CB92',	'65CCCD22',	'Môi trường trong xây dựng',	'CTTL3005'),
(7444,	1,	'DC1CB92',	'64DCCD10',	'Môi trường trong xây dựng',	'CTMT3009'),
(7445,	1,	'DC1CB92',	'64DCCD11',	'Môi trường trong xây dựng',	'CTMT3009'),
(7446,	1,	'DC1CB92',	'64DCCD12',	'Môi trường trong xây dựng',	'CTMT3009'),
(7447,	1,	'DC1CB92',	'64DCCS01',	'Môi trường trong xây dựng',	'CTTL3006'),
(7448,	1,	'DC1CB92',	'64DCDD02',	'Môi trường trong xây dựng',	'CTTL3005'),
(7449,	1,	'DC1CB92',	'64DCDD03',	'Môi trường trong xây dựng',	'CTTL3006'),
(7450,	1,	'DC1CB92',	'64DCDD04',	'Môi trường trong xây dựng',	'CTMT3009'),
(7451,	1,	'DC1CB92',	'64DCDD01',	'Môi trường trong xây dựng',	'CTTL2005'),
(7452,	1,	'DC2GT33',	'64DCDB01',	'Nền và móng',	'CTCV3011'),
(7453,	1,	'DC2DD33',	'64DCDD02',	'Nền và móng',	'CTDD3001'),
(7454,	1,	'CC2GT33',	'65CCCD21',	'Nền và móng',	'CTCV3010'),
(7455,	1,	'CC2DD33',	'65CCDD21',	'Nền và móng',	'CTDD3004'),
(7456,	1,	'DC2GT33',	'64DCDB02',	'Nền và móng',	'CTCV3010'),
(7457,	1,	'DC2DD33',	'64DCDD03',	'Nền và móng',	'CTDD3004'),
(7458,	1,	'CC2GT33',	'65CCCD22',	'Nền và móng',	'CTCV3011'),
(7459,	1,	'DC2GT33',	'64DCDB03',	'Nền và móng',	'CTCV3010'),
(7460,	1,	'DC2DD33',	'64DCDD04',	'Nền và móng',	'CTCV2001'),
(7461,	1,	'DC2GT33',	'64DCCA01',	'Nền và móng',	'CTCV3007'),
(7462,	1,	'DC2GT33',	'64DCCA02',	'Nền và móng',	'CTCV3011'),
(7463,	1,	'DC2GT33',	'64DCCC01',	'Nền và móng',	'CTCC3004'),
(7464,	1,	'DC2DD33',	'64DCDD01',	'Nền và móng',	'CTCV2001'),
(7465,	1,	'CC2TH24',	'66CCTH21',	'Ngôn ngữ lập trình Java',	'TTCS3008'),
(7466,	1,	'DC2HT12',	'65DCHT21',	'Nguyên lý Hệ điều hành',	'TTUD3002'),
(7467,	1,	'DC2HT12',	'65DCHT22',	'Nguyên lý Hệ điều hành',	'TTCS3002'),
(7468,	1,	'DC2HT12',	'65DCHT23',	'Nguyên lý Hệ điều hành',	'TTCS3002'),
(7469,	1,	'DC2KV68',	'65DCQT21',	'Nguyên lý kế toán',	'KVTN3006'),
(7470,	1,	'DC2KV68',	'65DCQT22',	'Nguyên lý kế toán',	'KVTN3006'),
(7471,	1,	'DC2CK55',	'65DCOT21',	'Nguyên lý máy',	'CKDM3003'),
(7472,	1,	'DL2CK55',	'66DLOT22',	'Nguyên lý máy',	'CKDM3003'),
(7473,	1,	'DC2CK55',	'65DCOT22',	'Nguyên lý máy',	'CKDM3003'),
(7474,	1,	'DC2CK55',	'65DCOT23',	'Nguyên lý máy',	'CKDM3004'),
(7475,	1,	'DC2CK55',	'65DCOT24',	'Nguyên lý máy',	'CKDM3004'),
(7476,	1,	'DC2CK55',	'65DCMX21',	'Nguyên lý máy',	'CKMT3003'),
(7477,	1,	'DC2CK55',	'65DCMX22',	'Nguyên lý máy',	'CKMT3003'),
(7478,	1,	'CC2DD94',	'65CCDD21',	'Nguyên lý quy hoạch',	'CTDD3009'),
(7479,	1,	'DC2DD94',	'66DLDD21',	'Nguyên lý quy hoạch',	'CTDD3009'),
(7480,	1,	'DC2DD94',	'66DLDD22',	'Nguyên lý quy hoạch',	'CTDD3009'),
(7481,	1,	'CC2KV71',	'66CCKT21',	'Nguyên lý thống kê kinh tế',	'KVVP3004'),
(7482,	1,	'DC2KV71',	'66DCKT21',	'Nguyên lý thống kê kinh tế',	'KVQT3002'),
(7483,	1,	'DC2KV71',	'66DCKT22',	'Nguyên lý thống kê kinh tế',	'KVQT3002'),
(7484,	1,	'DC2KV71',	'66DCKT23',	'Nguyên lý thống kê kinh tế',	'KVQT3002'),
(7485,	1,	'DC2KV71',	'66DCKT24',	'Nguyên lý thống kê kinh tế',	'KVCS3006'),
(7486,	1,	'DC2KV71',	'66DCKT25',	'Nguyên lý thống kê kinh tế',	'KVCS3003'),
(7487,	1,	'DC2KV71',	'66DCKT26',	'Nguyên lý thống kê kinh tế',	'KVCS3003'),
(7488,	1,	'DC2KV71',	'66DCKT27',	'Nguyên lý thống kê kinh tế',	'KVCS3003'),
(7489,	1,	'DC2KV71',	'66DCTN21',	'Nguyên lý thống kê kinh tế',	'KVCS3006'),
(7490,	1,	'DC2KV71',	'66DCTN22',	'Nguyên lý thống kê kinh tế',	'KVCS3006'),
(7491,	1,	'DC2KV70',	'66DCVL21',	'Nguyên lý thống kê',	'KVCS3006'),
(7492,	1,	'DC2KV70',	'66DCVL22',	'Nguyên lý thống kê',	'KVCS3006'),
(7493,	1,	'DC2KV70',	'66DCVS21',	'Nguyên lý thống kê',	'KVQT3002'),
(7494,	1,	'DC2CK48',	'64DCOT02',	'Nhiệt kỹ thuật',	'CKDM3002'),
(7495,	1,	'CC2CK48',	'66CCOT21',	'Nhiệt kỹ thuật',	'CKDM3002'),
(7496,	1,	'DC2CK48',	'64DCOT03',	'Nhiệt kỹ thuật',	'CKDM3002'),
(7497,	1,	'DC2CK48',	'64DCOT04',	'Nhiệt kỹ thuật',	'CKMT3006'),
(7498,	1,	'DC2CK48',	'64DCOT05',	'Nhiệt kỹ thuật',	'CKMT3006'),
(7499,	1,	'DC2CK48',	'64DCMT01',	'Nhiệt kỹ thuật',	'CKMT3006'),
(7500,	1,	'CC1LL02',	'66CCKX21',	'Những nguyên lý cơ bản của CN Mác - Lênin 2',	'CBNN2001'),
(7501,	1,	'CC1LL02',	'66CCKT21',	'Những nguyên lý cơ bản của CN Mác - Lênin 2',	'CBNN2001'),
(7502,	1,	'DC1LL02',	'66DCCS21',	'Những nguyên lý cơ bản của CN Mác - Lênin 2',	'LLNL3002'),
(7503,	1,	'DC1LL02',	'66DCCD24',	'Những nguyên lý cơ bản của CN Mác - Lênin 2',	'LLNL3002'),
(7504,	1,	'DC1LL02',	'66DCCD25',	'Những nguyên lý cơ bản của CN Mác - Lênin 2',	'LLNL3002'),
(7505,	1,	'DC1LL02',	'66DCCC21',	'Những nguyên lý cơ bản của CN Mác - Lênin 2',	'LLNL3002'),
(7506,	1,	'CC1LL02',	'66CCTH21',	'Những nguyên lý cơ bản của CN Mác - Lênin 2',	'CBNN2001'),
(7507,	1,	'DC1LL02',	'66DCCDA1',	'Những nguyên lý cơ bản của CN Mác - Lênin 2',	'LLNL3004'),
(7508,	1,	'CC1LL02',	'66CCOT21',	'Những nguyên lý cơ bản của CN Mác - Lênin 2',	'CBNN2001'),
(7509,	1,	'DC1LL02',	'66DCCD21',	'Những nguyên lý cơ bản của CN Mác - Lênin 2',	'LLNL3004'),
(7510,	1,	'DC1LL02',	'66DCCD22',	'Những nguyên lý cơ bản của CN Mác - Lênin 2',	'LLNL3004'),
(7511,	1,	'DC1LL02',	'66DCCD23',	'Những nguyên lý cơ bản của CN Mác - Lênin 2',	'LLNL3004'),
(7512,	1,	'DC1LL02',	'66DCKX21',	'Những nguyên lý cơ bản của CN Mác - Lênin 2',	'LLNL3001'),
(7513,	1,	'DC1LL02',	'66DCKX22',	'Những nguyên lý cơ bản của CN Mác - Lênin 2',	'LLNL3001'),
(7514,	1,	'DC1LL02',	'66DCKX23',	'Những nguyên lý cơ bản của CN Mác - Lênin 2',	'LLNL3001'),
(7515,	1,	'DC1LL02',	'66DCKX24',	'Những nguyên lý cơ bản của CN Mác - Lênin 2',	'LLNL3004'),
(7516,	1,	'DC1LL02',	'66DCCA21',	'Những nguyên lý cơ bản của CN Mác - Lênin 2',	'LLNL3004'),
(7517,	1,	'DC1LL02',	'66DCCA22',	'Những nguyên lý cơ bản của CN Mác - Lênin 2',	'LLNL3004'),
(7518,	1,	'DC1LL02',	'66DCDB21',	'Những nguyên lý cơ bản của CN Mác - Lênin 2',	'LLNL3001'),
(7519,	1,	'DC1LL02',	'66DCDB22',	'Những nguyên lý cơ bản của CN Mác - Lênin 2',	'LLNL3001'),
(7520,	1,	'DC1LL02',	'66DCMO21',	'Những nguyên lý cơ bản của CN Mác - Lênin 2',	'LLNL3001'),
(7521,	1,	'DC1LL02',	'66DCDD21',	'Những nguyên lý cơ bản của CN Mác - Lênin 2',	'BMLL1001'),
(7522,	1,	'DC1LL02',	'66DCDD22',	'Những nguyên lý cơ bản của CN Mác - Lênin 2',	'BMLL1001'),
(7523,	1,	'DC1LL02',	'66DCDD23',	'Những nguyên lý cơ bản của CN Mác - Lênin 2',	'BMLL1001'),
(7524,	1,	'DC1LL02',	'66DCKT21',	'Những nguyên lý cơ bản của CN Mác - Lênin 2',	'LLNL3001'),
(7525,	1,	'DC1LL02',	'66DCKT22',	'Những nguyên lý cơ bản của CN Mác - Lênin 2',	'LLNL3001'),
(7526,	1,	'DC1LL02',	'66DCKT23',	'Những nguyên lý cơ bản của CN Mác - Lênin 2',	'LLNL3001'),
(7527,	1,	'DC1LL02',	'66DCKT24',	'Những nguyên lý cơ bản của CN Mác - Lênin 2',	'LLNL3002'),
(7528,	1,	'DC1LL02',	'66DCKT25',	'Những nguyên lý cơ bản của CN Mác - Lênin 2',	'LLNL3002'),
(7529,	1,	'DC1LL02',	'66DCKT26',	'Những nguyên lý cơ bản của CN Mác - Lênin 2',	'LLNL3002'),
(7530,	1,	'DC1LL02',	'66DCKT27',	'Những nguyên lý cơ bản của CN Mác - Lênin 2',	'LLNL3004'),
(7531,	1,	'DC1LL02',	'66DCHT21',	'Những nguyên lý cơ bản của CN Mác - Lênin 2',	'LLNL3002'),
(7532,	1,	'DC1LL02',	'66DCTM21',	'Những nguyên lý cơ bản của CN Mác - Lênin 2',	'BMLL1001'),
(7533,	1,	'DC1LL02',	'66DCQT21',	'Những nguyên lý cơ bản của CN Mác - Lênin 2',	'LLNL3001'),
(7534,	1,	'DC1LL02',	'66DCQT23',	'Những nguyên lý cơ bản của CN Mác - Lênin 2',	'LLNL3002'),
(7535,	1,	'DC1LL02',	'66DCVL21',	'Những nguyên lý cơ bản của CN Mác - Lênin 2',	'LLNL3004'),
(7536,	1,	'DC1LL02',	'66DCTN21',	'Những nguyên lý cơ bản của CN Mác - Lênin 2',	'LLNL3004'),
(7537,	1,	'DC1LL02',	'66DCTN22',	'Những nguyên lý cơ bản của CN Mác - Lênin 2',	'LLNL3004'),
(7538,	1,	'CC2KV77',	'65CCKT21',	'Pháp luật kinh tế',	'KVCS3007'),
(7539,	1,	'DC2KV77',	'65DCKT21',	'Pháp luật kinh tế',	'KVTN3009'),
(7540,	1,	'DC2KV93',	'66DCVL21',	'Pháp luật kinh tế',	'KVVP3002'),
(7541,	1,	'DC2KV77',	'65DCKT22',	'Pháp luật kinh tế',	'KVTN3009'),
(7542,	1,	'DC2KV93',	'66DCVL22',	'Pháp luật kinh tế',	'KVVP3002'),
(7543,	1,	'DC2KV77',	'65DCKT23',	'Pháp luật kinh tế',	'KVTN3009'),
(7544,	1,	'DC2KV77',	'65DCKT24',	'Pháp luật kinh tế',	'KVTN3009'),
(7545,	1,	'DC2KV77',	'66DCTN21',	'Pháp luật kinh tế',	'KVTN3003'),
(7546,	1,	'DC2KV77',	'66DCTN22',	'Pháp luật kinh tế',	'KVTN3007'),
(7547,	1,	'DC2KX38',	'65DCKX21',	'Pháp luật trong xây dựng',	'KVKX3005'),
(7548,	1,	'DC2KX38',	'65DCKX22',	'Pháp luật trong xây dựng',	'KVKX3002'),
(7549,	1,	'DC2KX38',	'65DCKX23',	'Pháp luật trong xây dựng',	'KVKX3002'),
(7550,	1,	'DC3VS14',	'65DCVS21',	'Pháp luật về kinh doanh vận tải đường sắt',	'KVSB3006'),
(7551,	1,	'DC3VB13',	'65DCVB21',	'Pháp luật về kinh doanh vận tải ô tô',	'KVSB3007'),
(7552,	1,	'DC1LL05',	'65DCCS21',	'Pháp luật Việt Nam đại cương',	'BGH3004'),
(7553,	1,	'DC1LL05',	'66DCQT21',	'Pháp luật Việt Nam đại cương',	'LLNL3006'),
(7554,	1,	'DC1LL05',	'66DCVS21',	'Pháp luật Việt Nam đại cương',	'TCCB3006'),
(7555,	1,	'DC1LL05',	'65DCCA21',	'Pháp luật Việt Nam đại cương',	'TCCB3006'),
(7556,	1,	'DL3KX74',	'66DLKX21',	'Phân tích hoạt động kinh tế của DNXD',	'KVKX3005'),
(7557,	1,	'CC3TH44',	'65CCTH21',	'Phân tích và thiết kế hệ thống thông tin',	'TTCS3006'),
(7558,	1,	'DC2HT37',	'65DCHT21',	'Phân tích và thiết kế hệ thống thông tin',	'TTUD3002'),
(7559,	1,	'DC2HT37',	'65DCHT22',	'Phân tích và thiết kế hệ thống thông tin',	'TTUD3002'),
(7560,	1,	'DC2HT37',	'65DCHT23',	'Phân tích và thiết kế hệ thống thông tin',	'TTCS4000'),
(7561,	1,	'DC3HT40',	'64DCTH01',	'Phân tích và thiết kế hướng đối tượng',	'TTUD3002'),
(7562,	1,	'DC3HT40',	'64DCTH02',	'Phân tích và thiết kế hướng đối tượng',	'TTUD3005'),
(7563,	1,	'DC3HT40',	'64DCTH03',	'Phân tích và thiết kế hướng đối tượng',	'TTUD3005'),
(7564,	1,	'DC1CB99',	'66DLKT23',	'PP nghiên cứu khoa học',	'KVVP3004'),
(7565,	1,	'DC3CT55',	'63DCCA01',	'QLDA đầu tư XD công trình',	'KHCN3004'),
(7566,	1,	'DC3CT55',	'63DCCS01',	'QLDA đầu tư XD công trình',	'KHCN3004'),
(7567,	1,	'DC3CT55',	'63DCCD06',	'QLDA đầu tư XD công trình',	'CTTL3005'),
(7568,	1,	'DC3CT55',	'63DCCD07',	'QLDA đầu tư XD công trình',	'CTTL3005'),
(7569,	1,	'DC3CT55',	'63DCCD08',	'QLDA đầu tư XD công trình',	'DTAO3008'),
(7570,	1,	'DC3CT55',	'63DCCD09',	'QLDA đầu tư XD công trình',	'CBLH2004'),
(7571,	1,	'DC3CT55',	'63DCCD10',	'QLDA đầu tư XD công trình',	'CBLH2004'),
(7572,	1,	'DC3CT55',	'65DLDD23',	'QLDA đầu tư XD công trình',	'KHCN3004'),
(7573,	1,	'DC3CT55',	'63DCDD01',	'QLDA đầu tư XD công trình',	'CBLH2004'),
(7574,	1,	'DC3CT55',	'63DCDD02',	'QLDA đầu tư XD công trình',	'KHCN3004'),
(7575,	1,	'DC3CT55',	'65DLCD27',	'QLDA đầu tư XD công trình',	'KHCN3004'),
(7576,	1,	'DC3CT55',	'65DLCD28',	'QLDA đầu tư XD công trình',	'DTAO3008'),
(7577,	1,	'DL3CD61',	'65DLCD27',	'QLKT và KĐ CT cầu, đường',	'CTCA3001'),
(7579,	1,	'DL3QT62',	'66DLQT21',	'QT sản xuất - tài chính',	'KVQT3001'),
(7580,	1,	'DC3CA62',	'63DCCA01',	'Quản lý khai thác và kiểm định cầu',	'CTCA3001'),
(7581,	1,	'DC3CA61',	'63DCCD06',	'Quản lý khai thác và kiểm định cầu',	'CTCA3003'),
(7582,	1,	'DC3CA61',	'63DCCD07',	'Quản lý khai thác và kiểm định cầu',	'CTCA3006'),
(7583,	1,	'DC3CA61',	'63DCCD08',	'Quản lý khai thác và kiểm định cầu',	'CTCA3010'),
(7584,	1,	'DC3CA61',	'63DCCS01',	'Quản lý khai thác và kiểm định cầu',	'CTCA3010'),
(7585,	1,	'DC3CA61',	'63DCCD09',	'Quản lý khai thác và kiểm định cầu',	'CT4001'),
(7586,	1,	'DC3CA61',	'63DCCD10',	'Quản lý khai thác và kiểm định cầu',	'CTCA4001'),
(7587,	1,	'DC3CA61',	'63DCCD05',	'Quản lý khai thác và kiểm định cầu',	'CTVP2001'),
(7588,	1,	'DC3DS61',	'63DCCS01',	'Quản lý khai thác và kiểm định đường sắt',	'CTDS3003'),
(7589,	1,	'DC3DB61',	'63DCCD06',	'Quản lý khai thác và kiểm định đường',	'CTDB3009'),
(7590,	1,	'DC3DB62',	'63DCDB01',	'Quản lý khai thác và kiểm định đường',	'CTDB3009'),
(7591,	1,	'DC3DB61',	'63DCCD07',	'Quản lý khai thác và kiểm định đường',	'CTDB3004'),
(7592,	1,	'DC3DB61',	'63DCCD08',	'Quản lý khai thác và kiểm định đường',	'CTCA3023'),
(7593,	1,	'DC3DB61',	'63DCCD09',	'Quản lý khai thác và kiểm định đường',	'CTDB3019'),
(7594,	1,	'DC3DB61',	'63DCCD10',	'Quản lý khai thác và kiểm định đường',	'CTDB3013'),
(7595,	1,	'DC3DB61',	'63DCCD05',	'Quản lý khai thác và kiểm định đường',	'CTDB2007'),
(7596,	1,	'DC3QT67',	'64DCQT01',	'Quản trị chất lượng',	'KVQT3006'),
(7597,	1,	'DC3QT67',	'64DCQT02',	'Quản trị chất lượng',	'KVQT3006'),
(7598,	1,	'DC3QT63',	'66DLQT21',	'Quản trị chiến lược',	'KVQT3007'),
(7599,	1,	'DC3QT51',	'64DCKT04',	'Quản trị doanh nghiệp',	'KVSB3001'),
(7600,	1,	'DC3QT51',	'64DCKT05',	'Quản trị doanh nghiệp',	'BMKT1005'),
(7601,	1,	'DC3QT51',	'64DCKT06',	'Quản trị doanh nghiệp',	'KVQT3003'),
(7602,	1,	'DC3QT51',	'64DCKT07',	'Quản trị doanh nghiệp',	'BMKT1005'),
(7603,	1,	'DC3QT51',	'64DCKT08',	'Quản trị doanh nghiệp',	'KVSB3001'),
(7604,	1,	'DC3QT51',	'64DCQT01',	'Quản trị doanh nghiệp',	'KVQT3003'),
(7605,	1,	'DC3QT51',	'64DCQT02',	'Quản trị doanh nghiệp',	'KVQT3003'),
(7606,	1,	'DC3QT51',	'66DLKT21',	'Quản trị doanh nghiệp',	'KVQT3001'),
(7607,	1,	'DC3QT51',	'66DLKT22',	'Quản trị doanh nghiệp',	'KVQT3001'),
(7608,	1,	'DC3QT51',	'66DLQT21',	'Quản trị doanh nghiệp',	'KVQT3003'),
(7609,	1,	'DC3QT68',	'64DCQT01',	'Quản trị dự án đầu tư',	'KVQT3004'),
(7610,	1,	'DC3KX73',	'66DLKX21',	'Quản trị dự án đầu tư',	'KVKX3001'),
(7611,	1,	'DC3QT68',	'64DCQT02',	'Quản trị dự án đầu tư',	'KVQT3004'),
(7612,	1,	'DC3QT68',	'66DLQT21',	'Quản trị dự án đầu tư',	'KVQT3004'),
(7613,	1,	'DC3QT53',	'65DCQT21',	'Quản trị HC VP',	'KVQT3007'),
(7614,	1,	'DC3QT53',	'65DCQT22',	'Quản trị HC VP',	'KVQT3005'),
(7615,	1,	'DC3QT53',	'66DLQT21',	'Quản trị HC VP',	'KVQT3005'),
(7616,	1,	'DC2KV73',	'65DCKT21',	'Quản trị học',	'KVQT2001'),
(7617,	1,	'DC2KV72',	'65DCKX21',	'Quản trị học',	'KVQT2001'),
(7618,	1,	'CC2KV73',	'66CCKT21',	'Quản trị học',	'KVQT3006'),
(7619,	1,	'DC2KV73',	'65DCKT22',	'Quản trị học',	'KVQT3008'),
(7620,	1,	'DC2KV72',	'65DCKX22',	'Quản trị học',	'KVQT2001'),
(7621,	1,	'DC2KV73',	'65DCKT23',	'Quản trị học',	'KVQT3007'),
(7622,	1,	'DC2KV72',	'65DCKX23',	'Quản trị học',	'KVSB3003'),
(7623,	1,	'DC2KV73',	'65DCKT24',	'Quản trị học',	'TCHUC3001'),
(7624,	1,	'DC2KV72',	'65DCVL21',	'Quản trị học',	'KVSB3003'),
(7625,	1,	'DC3KX63',	'66DLKX21',	'Quản trị kinh doanh xây dựng',	'KVKX3001'),
(7626,	1,	'CC3TT47',	'65CCTH21',	'Quản trị mạng',	'TTUD3001'),
(7627,	1,	'DC3QT66',	'64DCQT01',	'Quản trị marketing',	'KVQT3004'),
(7628,	1,	'DC3QT66',	'64DCQT02',	'Quản trị marketing',	'KVQT3004'),
(7629,	1,	'DC3QT69',	'66DLQT21',	'Quản trị rủi ro',	'KVQT3004'),
(7630,	1,	'DC3QT61',	'65DCQT21',	'Quản trị sản xuất 1',	'KVQT3001'),
(7631,	1,	'DC3QT61',	'65DCQT22',	'Quản trị sản xuất 1',	'KVQT3001'),
(7632,	1,	'CC3QT64',	'65CCKT21',	'Quản trị tài chính doanh nghiệp',	'KVQT3008'),
(7633,	1,	'DC3CC41',	'64DCCC01',	'Quy hoạch cảng',	'CTCC3003'),
(7634,	1,	'DC3DB71',	'65DLCD27',	'Quy hoạch GTVT',	'CTDB3010'),
(7635,	1,	'DC3DB71',	'65DLCD28',	'Quy hoạch GTVT',	'CTDB3013'),
(7636,	1,	'CC1CB91',	'66CCTH21',	'Sử dụng năng lượng tiết kiệm và hiệu quả',	'TTDT3001'),
(7637,	1,	'CC2CO26',	'66CCOT21',	'Sức bền vật liệu (CK)',	'CSKT3017'),
(7638,	1,	'CC2CO25',	'66CCCD21',	'Sức bền vật liệu (CT)',	'CSKT3017'),
(7639,	1,	'DL2CO25',	'66DLCD27',	'Sức bền vật liệu',	'CSKT2002'),
(7640,	1,	'DL2CO25',	'66DLCD28',	'Sức bền vật liệu',	'CSKT3014'),
(7641,	1,	'DL2CO25',	'66DLCD29',	'Sức bền vật liệu',	'CSKT3014'),
(7642,	1,	'DC3KX37',	'65DCKX21',	'Tài chính doanh nghiệp xây dựng',	'KVTN3003'),
(7643,	1,	'DC3KX37',	'65DCKX22',	'Tài chính doanh nghiệp xây dựng',	'KVKX3001'),
(7644,	1,	'DC3KX37',	'65DCKX23',	'Tài chính doanh nghiệp xây dựng',	'KVKX3001'),
(7645,	1,	'DC2KV67',	'65DCKT21',	'Tài chính tiền tệ',	'KVTN3007'),
(7646,	1,	'DC2KV67',	'65DCKT22',	'Tài chính tiền tệ',	'KVTN3007'),
(7647,	1,	'DC2KV67',	'65DCKT23',	'Tài chính tiền tệ',	'KVTN3003'),
(7648,	1,	'DC2KV67',	'65DCKT24',	'Tài chính tiền tệ',	'KVTN3003'),
(7649,	1,	'DC3KT20',	'66DLKT21',	'TCCT kế toán trong DN',	'KVKK3013'),
(7650,	1,	'DC3KT20',	'66DLKT22',	'TCCT kế toán trong DN',	'KVKK3008'),
(7653,	1,	'DL4CT16',	'65DLDD21',	'Thí nghiệm Cơ học đất',	'CTTN3003'),
(7654,	1,	'DL4CT16',	'65DLDD22',	'Thí nghiệm Cơ học đất',	'CTCV3002'),
(7655,	1,	'DL4CT16',	'65DLCD23',	'Thí nghiệm Cơ học đất',	'CTTN3003'),
(7656,	1,	'DL4CT16',	'65DLCD24',	'Thí nghiệm Cơ học đất',	'CTTN3004'),
(7657,	1,	'DL4CT16',	'65DLCD25',	'Thí nghiệm Cơ học đất',	'CTTN3004'),
(7658,	1,	'DL4CT16',	'65DLCD26',	'Thí nghiệm Cơ học đất',	'CTTN3003'),
(7659,	1,	'DL4CT16',	'65DLCD21',	'Thí nghiệm Cơ học đất',	'CTTN3003'),
(7662,	1,	'DC3OT54',	'65DLOT22',	'Thí nghiệm ô tô',	'CKOT3002'),
(7663,	1,	'DC3DD61',	'63DCDD01',	'Thí nghiệm và kiểm định chất lượng công trình',	'CTDD3010'),
(7665,	1,	'DC3DD61',	'63DCDD02',	'Thí nghiệm và kiểm định chất lượng công trình',	'CTTH3002'),
(7667,	1,	'DC3CA41',	'64DCCD08',	'Thiết kế cầu 1',	'CTCA3003'),
(7668,	1,	'DC3CA41',	'64DCCD09',	'Thiết kế cầu 1',	'CTCA3003'),
(7669,	1,	'DC3CA41',	'64DCCD10',	'Thiết kế cầu 1',	'CTCA3011'),
(7670,	1,	'DC3CA41',	'64DCCD11',	'Thiết kế cầu 1',	'CTCA3015'),
(7671,	1,	'DC3CA41',	'64DCCD12',	'Thiết kế cầu 1',	'CTCA3017'),
(7672,	1,	'DC3CA41',	'64DCCA01',	'Thiết kế cầu 1',	'CTCA3013'),
(7673,	1,	'DC3CA41',	'64DCCA02',	'Thiết kế cầu 1',	'CTCA3001'),
(7674,	1,	'DC3CA41',	'64DCCS01',	'Thiết kế cầu 1',	'CTCA3021'),
(7675,	1,	'DC3CA41',	'64DCCD04',	'Thiết kế cầu 1',	'CTCA2003'),
(7676,	1,	'DC3CA41',	'64DCCD07',	'Thiết kế cầu 1',	'CTCA3023'),
(7677,	1,	'DC3CA42',	'64DCCA01',	'Thiết kế cầu 2',	'CTCA3013'),
(7678,	1,	'DC3CA42',	'64DCCA02',	'Thiết kế cầu 2',	'CTCA3011'),
(7679,	1,	'CC3CA41',	'65CCCD21',	'Thiết kế cầu',	'CTCA3004'),
(7680,	1,	'DL3CA41',	'65DLCD27',	'Thiết kế cầu',	'CTCA3021'),
(7681,	1,	'CC3CA41',	'65CCCD22',	'Thiết kế cầu',	'CTVP3005'),
(7683,	1,	'DC3DS41',	'64DCCS01',	'Thiết kế đường sắt',	'CTDS3003'),
(7684,	1,	'DC3DB41',	'64DCCD08',	'Thiết kế đường 1',	'CTDB3015'),
(7685,	1,	'DC3DB41',	'64DCCD09',	'Thiết kế đường 1',	'CTDB3005'),
(7686,	1,	'DC3DB41',	'64DCCD10',	'Thiết kế đường 1',	'CTDB3010'),
(7687,	1,	'DC3DB41',	'64DCCD11',	'Thiết kế đường 1',	'CTDB3019'),
(7688,	1,	'DC3DB41',	'64DCCD12',	'Thiết kế đường 1',	'CTCV3012'),
(7689,	1,	'DC3DB41',	'64DCDB01',	'Thiết kế đường 1',	'CTDB3002'),
(7690,	1,	'DC3DB41',	'64DCDB02',	'Thiết kế đường 1',	'CTDB3002'),
(7691,	1,	'DC3DB41',	'64DCDB03',	'Thiết kế đường 1',	'CTCV3012'),
(7692,	1,	'DC3DB42',	'64DCDB01',	'Thiết kế đường 2',	'CTDB3007'),
(7693,	1,	'DC3DB42',	'64DCDB02',	'Thiết kế đường 2',	'CTDB4001'),
(7694,	1,	'DC3DB42',	'64DCDB03',	'Thiết kế đường 2',	'CTDB4001'),
(7695,	1,	'CL3DB41',	'66CLCD21',	'Thiết kế đường',	'CTDB3002'),
(7696,	1,	'DL3DB41',	'66DLCD21',	'Thiết kế đường',	'CTDB3005'),
(7697,	1,	'DL3DB41',	'66DLCD22',	'Thiết kế đường',	'CTDB3014'),
(7698,	1,	'DL3DB41',	'66DLCD23',	'Thiết kế đường',	'CTDB3002'),
(7699,	1,	'',	'66DLCD24',	'Thiết kế đường',	'CTDB3010'),
(7700,	1,	'DL3DB41',	'66DLCD25',	'Thiết kế đường',	'CTDB3005'),
(7701,	1,	'DL3DB41',	'66DLCD26',	'Thiết kế đường',	'CTCV3012'),
(7702,	1,	'DL3VS51',	'66DLVS21',	'Thiết kế ga đường sắt',	'KVSB3009'),
(7703,	1,	'CC3TH41',	'65CCTH21',	'Thiết kế và lập trình Web',	'TTUD2003'),
(7704,	1,	'DC3KV31',	'64DCQT01',	'Thống kê kinh doanh',	'KVQT3002'),
(7705,	1,	'DC3KV31',	'64DCQT02',	'Thống kê kinh doanh',	'KVQT3002'),
(7706,	1,	'DC3KV31',	'65DCQT21',	'Thống kê kinh doanh',	'KVQT3006'),
(7707,	1,	'DC3KV31',	'65DCQT22',	'Thống kê kinh doanh',	'KVQT3006'),
(7708,	1,	'DC3KX61',	'65DCKX21',	'Thống kê xây dựng',	'KVKX3004'),
(7709,	1,	'DC3KX61',	'65DCKX22',	'Thống kê xây dựng',	'KVKX3004'),
(7710,	1,	'DC3KX61',	'65DCKX23',	'Thống kê xây dựng',	'KVKX3005'),
(7711,	1,	'DC3DT73',	'64DCDT01',	'Thông tin di động',	'TTDT3016'),
(7712,	1,	'DC3DT73',	'64DCDT02',	'Thông tin di động',	'TTDT3016'),
(7713,	1,	'DC3DT73',	'64DCDT03',	'Thông tin di động',	'TTDT3016'),
(7714,	1,	'CC3DT71',	'65CCDT21',	'Thông tin số',	'TTDT3002'),
(7715,	1,	'DC3DT72',	'64DCDT01',	'Thông tin vô tuyến',	'TTDT3002'),
(7716,	1,	'DC3DT72',	'64DCDT02',	'Thông tin vô tuyến',	'TTDT4003'),
(7717,	1,	'DC3DT72',	'64DCDT03',	'Thông tin vô tuyến',	'TTDT4002'),
(7718,	1,	'CC3KV49',	'65CCKT21',	'Thuế',	'KVTN3001'),
(7719,	1,	'DC2CC61',	'65DCCC21',	'Thủy lực - Thủy văn công trình',	'CTTL3001'),
(7720,	1,	'CC2GT61',	'66CCCD21',	'Thuỷ lực - thuỷ văn công trình',	'DTAO3008'),
(7721,	1,	'DC2CT62',	'64DCDD02',	'Thủy lực công trình',	'CTMT3008'),
(7722,	1,	'DC2MO18',	'66DCMO21',	'Thuỷ lực công trình',	'CTTL3001'),
(7723,	1,	'DC2CT62',	'64DCDD03',	'Thủy lực công trình',	'CTMT3008'),
(7724,	1,	'DC2CT62',	'64DCDD04',	'Thủy lực công trình',	'CTMT3008'),
(7725,	1,	'DC2CK61',	'65DCMX21',	'Thủy lực cơ sở',	'CKMX3005'),
(7726,	1,	'DC2CK61',	'65DCMX22',	'Thủy lực cơ sở',	'CKDM3002'),
(7727,	1,	'DC2CK61',	'65DCDM21',	'Thủy lực cơ sở',	'CKMT3002'),
(7728,	1,	'DC4KT21',	'64DCKT04',	'Thực hành nghiệp vụ kế toán 1',	'KVKK3015'),
(7729,	1,	'DC4KT21',	'64DCKT05',	'Thực hành nghiệp vụ kế toán 1',	'KVVP3001'),
(7730,	1,	'DC4KT21',	'64DCKT06',	'Thực hành nghiệp vụ kế toán 1',	'KVKK3001'),
(7731,	1,	'DC4KT21',	'64DCKT07',	'Thực hành nghiệp vụ kế toán 1',	'KVKK3006'),
(7732,	1,	'DC4KT21',	'64DCKT08',	'Thực hành nghiệp vụ kế toán 1',	'KVVP3001'),
(7735,	1,	'CC2CT11',	'65CCDD21',	'Thực hành trắc địa',	'CTTL3008'),
(7736,	1,	'DC4CT11',	'65DCCA21',	'Thực hành trắc địa',	'CTTL3004'),
(7737,	1,	'DL4CT11',	'65DLDD21',	'Thực hành Trắc địa',	'CTTL3003'),
(7738,	1,	'DC4CT11',	'65DCDB21',	'Thực hành trắc địa',	'CTTL3010'),
(7739,	1,	'DL4CT11',	'65DLDD22',	'Thực hành Trắc địa',	'CTTL3010'),
(7740,	1,	'CC2CT11',	'66CCCD21',	'Thực hành trắc địa',	'CTTL3008'),
(7741,	1,	'CC2CT11',	'66CCDD21',	'Thực hành trắc địa',	'CTTL3008'),
(7742,	1,	'DC4CT11',	'65DCDB22',	'Thực hành trắc địa',	'CTDB3020'),
(7743,	1,	'DL4CT11',	'65DLCD23',	'Thực hành Trắc địa',	'CTDB3020'),
(7744,	1,	'DC4CT11',	'65DCDB23',	'Thực hành trắc địa',	'CTTL3002'),
(7745,	1,	'DL4CT11',	'65DLCD24',	'Thực hành Trắc địa',	'CTTL3002'),
(7746,	1,	'DC4CT11',	'65DCDD21',	'Thực hành trắc địa',	'CTTL3007'),
(7747,	1,	'DL4CT11',	'65DLCD25',	'Thực hành Trắc địa',	'CTTL3002'),
(7748,	1,	'DC4CT11',	'65DCDD22',	'Thực hành trắc địa',	'CTTL3007'),
(7749,	1,	'DL4CT11',	'65DLCD26',	'Thực hành Trắc địa',	'CTTL3003'),
(7750,	1,	'DL4CT11',	'65DLCD21',	'Thực hành Trắc địa',	'CTTL3007'),
(7751,	1,	'DL4CT11',	'65DLCD22',	'Thực hành Trắc địa',	'CTTL3010'),
(7760,	1,	'DC4OT22',	'63DCOT01',	'Thực tập Cấu tạo ô tô 2',	'XUOT2005'),
(7765,	1,	'DC4OT23',	'63DCOT01',	'Thực tập Chẩn đoán và kiểm định kỹ thuật ô tô',	'XUOT2005'),
(7769,	1,	'CC4CD21',	'64CCCD06',	'Thực tập Khảo sát thiết kế cầu, đường',	'CTTL3003'),
(7770,	1,	'DC4DB21',	'63DCDB01',	'Thực tập Khảo sát thiết kế đường',	'CTTL3002'),
(7773,	1,	'DC4CT13',	'63DCCD05',	'Thực tập kỹ thuật thi công cơ bản',	'CTVP2002'),
(7776,	1,	'CC4KD70',	'64CCKD01',	'Thực tập nghề nghiệp, tốt nghiệp kiểm định và khai thác cầu, đường',	'CTCV3016'),
(7777,	1,	'CC4CD70',	'64CCCD05',	'Thực tập nghề nghiệp và Thực tập tốt nghiệp',	'CTDB3007'),
(7778,	1,	'CC4DD70',	'64CCDD02',	'Thực tập nghề nghiệp và Thực tập tốt nghiệp',	'CTDD3001'),
(7779,	1,	'CC4CD70',	'64CCCD06',	'Thực tập nghề nghiệp và Thực tập tốt nghiệp',	'CTCA3023'),
(7793,	1,	'DC4CT17',	'65DCCDA1',	'Thực tập Thí nghiệm cơ học đất',	'CTTN3003'),
(7794,	1,	'DC4CT17',	'65DCCD21',	'Thực tập Thí nghiệm cơ học đất',	'CTTN3003'),
(7795,	1,	'DC4CT17',	'65DCCD22',	'Thực tập Thí nghiệm cơ học đất',	'CTTN3007'),
(7796,	1,	'DC4CT17',	'65DCCD23',	'Thực tập Thí nghiệm cơ học đất',	'CTTN3006'),
(7797,	1,	'DC4CT17',	'65DCCS21',	'Thực tập Thí nghiệm cơ học đất',	'CTCV3005'),
(7798,	1,	'DC4CT17',	'65DCDD21',	'Thực tập Thí nghiệm cơ học đất',	'CTTN3004'),
(7799,	1,	'DC4CT17',	'65DCDD22',	'Thực tập Thí nghiệm cơ học đất',	'CTTN3004'),
(7800,	1,	'CC4CT16',	'66CCCD21',	'Thực tập Thí nghiệm Địa chất',	'CTTN3003'),
(7801,	1,	'CC4CT16',	'66DCDD21',	'Thực tập Thí nghiệm Địa chất',	'CTTN3003'),
(7802,	1,	'DC4CT16',	'66DCCA21',	'Thực tập Thí nghiệm địa chất',	'CTCV3003'),
(7803,	1,	'DC4CT16',	'66DCCA22',	'Thực tập Thí nghiệm địa chất',	'CTCV3003'),
(7804,	1,	'DC4CT16',	'66DCDB21',	'Thực tập Thí nghiệm địa chất',	'CTTN3004'),
(7805,	1,	'DC4CT16',	'66DCDB22',	'Thực tập Thí nghiệm địa chất',	'CTTN3004'),
(7806,	1,	'DC4CD22',	'63DCCD06',	'Thực tập thí nghiệm kiểm định cầu đường',	'CTDB3016'),
(7807,	1,	'DC4CD22',	'63DCCD07',	'Thực tập thí nghiệm kiểm định cầu đường',	'CTTN3005'),
(7808,	1,	'DC4CD22',	'63DCCD08',	'Thực tập thí nghiệm kiểm định cầu đường',	'CTTN3005'),
(7809,	1,	'DC4CD22',	'63DCCD09',	'Thực tập thí nghiệm kiểm định cầu đường',	'CTCA3023'),
(7810,	1,	'DC4CD22',	'63DCCD10',	'Thực tập thí nghiệm kiểm định cầu đường',	'CTDB3011'),
(7811,	1,	'DC4CD22',	'63DCCD05',	'Thực tập thí nghiệm kiểm định cầu đường',	'CTCA3023'),
(7812,	1,	'CC4KD34',	'64CCKD01',	'Thực tập Thí nghiệm kiểm định cầu',	'CTTN3002'),
(7813,	1,	'CC4KD35',	'64CCKD01',	'Thực tập Thí nghiệm kiểm định đường',	'CTDB3016'),
(7814,	1,	'DC4CS22',	'63DCCS01',	'Thực tập Thí nghiệm và kiểm định cầu, đường sắt',	'CTTN3002'),
(7815,	1,	'DC4CA22',	'63DCCA01',	'Thực tập Thí nghiệm và kiểm định cầu',	'CTTN3002'),
(7816,	1,	'DC4DD22',	'63DCDD01',	'Thực tập Thí nghiệm và kiểm định công trình',	'CTDD3010'),
(7818,	1,	'DC4DD22',	'63DCDD02',	'Thực tập Thí nghiệm và kiểm định công trình',	'CTTH3002'),
(7819,	1,	'DC4DB22',	'63DCDB01',	'Thực tập Thí nghiệm và kiểm định đường',	'CTDB3016'),
(7820,	1,	'DC4CT15',	'65DCCDA1',	'Thực tập Thí nghiệm vật liệu xây dựng',	'CTCV3003'),
(7822,	1,	'DC4CT15',	'65DCCD21',	'Thực tập Thí nghiệm vật liệu xây dựng',	'CTCV3004'),
(7823,	1,	'DC4CT15',	'65DCCD22',	'Thực tập Thí nghiệm vật liệu xây dựng',	'CTTN3004'),
(7824,	1,	'DC4CT15',	'65DCCD23',	'Thực tập Thí nghiệm vật liệu xây dựng',	'CTTN3004'),
(7825,	1,	'DC4CT15',	'65DCCS21',	'Thực tập Thí nghiệm vật liệu xây dựng',	'CTDB3016'),
(7826,	1,	'DC4CT15',	'65DCCC21',	'Thực tập Thí nghiệm vật liệu xây dựng',	'CTDB3016'),
(7827,	1,	'DC4CT15',	'65DCCA21',	'Thực tập Thí nghiệm vật liệu xây dựng',	'CTCV3004'),
(7828,	1,	'DC4CT15',	'65DCDB21',	'Thực tập Thí nghiệm vật liệu xây dựng',	'CTDB3016'),
(7829,	1,	'DC4CT15',	'65DCDB22',	'Thực tập Thí nghiệm vật liệu xây dựng',	'CTCV3002'),
(7830,	1,	'DC4CT15',	'65DCDB23',	'Thực tập Thí nghiệm vật liệu xây dựng',	'CTCV3002'),
(7841,	1,	'DC4MX70',	'65DLMX21',	'Thực tập tốt nghiệp',	'CKMX3003'),
(7842,	1,	'DC4OT70',	'65DLOT21',	'Thực tập tốt nghiệp',	'CKOT3005'),
(7850,	1,	'DC4KT70',	'63DCKT02',	'Thực tập tốt nghiệp',	'KVVP2003'),
(7851,	1,	'DC2KV90',	'64DCQT01',	'Thương mại điện tử',	'KVQT3007'),
(7852,	1,	'DC3KV90',	'66DLKT23',	'Thương mại điện tử',	'KVQT3005'),
(7853,	1,	'DC2KV90',	'64DCQT02',	'Thương mại điện tử',	'KVQT3007'),
(7854,	1,	'DC2KV90',	'66DCVL21',	'Thương mại điện tử',	'KVQT3007'),
(7855,	1,	'DC2KV90',	'66DCVL22',	'Thương mại điện tử',	'KVQT3007'),
(7856,	1,	'CC1CB31',	'66CCKX21',	'Tiếng Anh 1',	'CBNN3010'),
(7857,	1,	'CC1CB31',	'66CCTH21',	'Tiếng Anh 1',	'CBNN3014'),
(7858,	1,	'CC1CB31',	'65CCOT21',	'Tiếng Anh 1',	'CBNN3005'),
(7859,	1,	'CC1CB31',	'66CCOT21',	'Tiếng Anh 1',	'CBNN3010'),
(7860,	1,	'CC1CB31',	'65CCDD21',	'Tiếng Anh 1',	'CBNN3006'),
(7861,	1,	'CC1CB31',	'65CCCD21',	'Tiếng Anh 1',	'CBNN3006'),
(7862,	1,	'CC1CB31',	'65CCCD22',	'Tiếng Anh 1',	'CBNN3005'),
(7863,	1,	'DC1CB32',	'65DCCS21',	'Tiếng Anh 2',	'CBNN3011'),
(7864,	1,	'DC1CB32',	'66DLKT23',	'Tiếng Anh 2',	'CBNN3013'),
(7865,	1,	'DC1CB32',	'65DCCC21',	'Tiếng Anh 2',	'CBNN3011'),
(7866,	1,	'DC1CB32',	'65DCDD21',	'Tiếng Anh 2',	'CBNN3009'),
(7867,	1,	'DC1CB32',	'65DCDD22',	'Tiếng Anh 2',	'CBNN3009'),
(7868,	1,	'DC1CB32',	'65DCKT21',	'Tiếng Anh 2',	'CBNN3008'),
(7869,	1,	'DC1CB32',	'65DCKT22',	'Tiếng Anh 2',	'CBNN3013'),
(7870,	1,	'DC1CB32',	'65DCKT23',	'Tiếng Anh 2',	'CBNN3012'),
(7871,	1,	'DC1CB32',	'65DCKT24',	'Tiếng Anh 2',	'CBNN3012'),
(7872,	1,	'DC1CB32',	'65DCQT21',	'Tiếng Anh 2',	'CBNN3015'),
(7873,	1,	'DC1CB32',	'65DCQT22',	'Tiếng Anh 2',	'CBNN3015'),
(7874,	1,	'DC1CB32',	'65DCOT21',	'Tiếng Anh 2',	'CBNN3006'),
(7875,	1,	'DC1CB32',	'65DCOT22',	'Tiếng Anh 2',	'CBNN3006'),
(7876,	1,	'DC1CB32',	'65DCOT23',	'Tiếng Anh 2',	'CBNN3013'),
(7877,	1,	'DC1CB32',	'65DCOT24',	'Tiếng Anh 2',	'CBNN3014'),
(7878,	1,	'DC1CB32',	'65DCMX21',	'Tiếng Anh 2',	'CBNN3016'),
(7879,	1,	'DC1CB32',	'65DCMX22',	'Tiếng Anh 2',	'CBNN3016'),
(7880,	1,	'DC1CB32',	'65DCDM21',	'Tiếng Anh 2',	'CBNN3011'),
(7881,	1,	'DC1CB32',	'66DLOT22',	'Tiếng Anh 2',	'CBNN3008'),
(7882,	1,	'DC1CB32',	'66DLCD27',	'Tiếng Anh 2',	'CBNN2001'),
(7883,	1,	'DC1CB32',	'66DLCD28',	'Tiếng Anh 2',	'CBNN2001'),
(7884,	1,	'DC1CB32',	'66DLCD29',	'Tiếng Anh 2',	'CBNN3015'),
(7885,	1,	'DC1CB32',	'66DLCD21',	'Tiếng Anh 2',	'CBNN3009'),
(7886,	1,	'DC1CB32',	'66DLCD22',	'Tiếng Anh 2',	'CBNN3009'),
(7887,	1,	'DC1CB32',	'66DLCD23',	'Tiếng Anh 2',	'CBNN3011'),
(7888,	1,	'DC1CB32',	'66DLCD24',	'Tiếng Anh 2',	'CBNN3011'),
(7889,	1,	'DC1CB32',	'66DLCD25',	'Tiếng Anh 2',	'CBNN3014'),
(7890,	1,	'DC1CB32',	'66DLCD26',	'Tiếng Anh 2',	'CBNN3014'),
(7891,	1,	'DC1CB32',	'65DCMT21',	'Tiếng Anh 2',	'CBNN3011'),
(7893,	1,	'DC3MX33',	'64DCMX02',	'Tiếng Anh 3',	'CBNN3008'),
(7894,	1,	'DC3OT33',	'64DCOT02',	'Tiếng Anh 3',	'CBNN3001'),
(7895,	1,	'DC3QT33',	'64DCQT01',	'Tiếng Anh 3',	'CBNN3010'),
(7896,	1,	'CC3KT33',	'65CCKT21',	'Tiếng Anh 3',	'CBNN3013'),
(7897,	1,	'CC3TH33',	'65CCTH21',	'Tiếng Anh 3',	'CBNN3002'),
(7898,	1,	'DC3HT33',	'65DCHT21',	'Tiếng Anh 3',	'CBNN3002'),
(7899,	1,	'CC3CD33',	'66CLCD21',	'Tiếng Anh 3',	'TCHUC3002'),
(7900,	1,	'DC3MX33',	'64DCMX03',	'Tiếng Anh 3',	'CBNN3008'),
(7901,	1,	'DC3OT33',	'64DCOT03',	'Tiếng Anh 3',	'CBNN3001'),
(7902,	1,	'DC3QT33',	'64DCQT02',	'Tiếng Anh 3',	'CBNN3010'),
(7903,	1,	'DC3HT33',	'65DCHT22',	'Tiếng Anh 3',	'CBNN3002'),
(7904,	1,	'DC3OT33',	'64DCOT04',	'Tiếng Anh 3',	'CBNN3001'),
(7905,	1,	'DC3HT33',	'65DCHT23',	'Tiếng Anh 3',	'CBNN3002'),
(7906,	1,	'DC3OT33',	'64DCOT05',	'Tiếng Anh 3',	'CBNN3008'),
(7907,	1,	'CC1TT42',	'66CCOT21',	'Tin học đại cương (kt)',	'TTCS3001'),
(7908,	1,	'CC1TT42',	'66CCDD21',	'Tin học đại cương (kt)',	'DTAO3009'),
(7909,	1,	'DC1TT42',	'65DCVS21',	'Tin học đại cương',	'TTCS3007'),
(7910,	1,	'DC1TT42',	'65DCVB21',	'Tin học đại cương',	'TTCS3007'),
(7911,	1,	'DC1TT42',	'66DCCDA1',	'Tin học đại cương',	'TTCS3004'),
(7912,	1,	'DC1TT42',	'66DCCA21',	'Tin học đại cương',	'TTCS3001'),
(7913,	1,	'DC1TT42',	'66DCCA22',	'Tin học đại cương',	'TTCS3001'),
(7914,	1,	'DC1TT42',	'66DCDB21',	'Tin học đại cương',	'TTCS2005'),
(7915,	1,	'DC1TT42',	'66DCDB22',	'Tin học đại cương',	'TTCS3005'),
(7916,	1,	'DC1TT42',	'66DCDD21',	'Tin học đại cương',	'TTCS2005'),
(7917,	1,	'DC1TT42',	'66DCDD22',	'Tin học đại cương',	'TTCS3001'),
(7918,	1,	'DC1TT42',	'66DCDD23',	'Tin học đại cương',	'TTUD3002'),
(7919,	1,	'DC1TT42',	'66DCTN21',	'Tin học đại cương',	'DTAO3009'),
(7920,	1,	'DC1TT42',	'66DCTN22',	'Tin học đại cương',	'DTAO3009'),
(7921,	1,	'DC1TT42',	'66DCMO21',	'Tin học đại cương',	'TTCS3003'),
(7922,	1,	'DC1TT42',	'66DCKX21',	'Tin học đại cương',	'TTCS3001'),
(7923,	1,	'DC1TT42',	'66DCKX22',	'Tin học đại cương',	'TTVP3001'),
(7924,	1,	'DC1TT42',	'66DCKX23',	'Tin học đại cương',	'TTCS3003'),
(7925,	1,	'DC1TT42',	'66DCKX24',	'Tin học đại cương',	'TTUD3002'),
(7926,	1,	'DC1TT42',	'66DCMX21',	'Tin học đại cương',	'TTUD3002'),
(7927,	1,	'DC1TT42',	'66DCMX22',	'Tin học đại cương',	'TTCS3005'),
(7928,	1,	'DC1TT42',	'66DCMX23',	'Tin học đại cương',	'TTCS3005'),
(7929,	1,	'DC1TT42',	'66DCCO21',	'Tin học đại cương',	'TTCS3001'),
(7930,	1,	'DC1TT42',	'66DCCO22',	'Tin học đại cương',	'TTCS3001'),
(7931,	1,	'DC1TT42',	'66DCCO23',	'Tin học đại cương',	'TTCS3003'),
(7932,	1,	'DC3CA60',	'64DCCA01',	'Tin học ứng dụng',	'CTCA3001'),
(7933,	1,	'DC3CC60',	'64DCCC01',	'Tin học ứng dụng',	'CTTH3001'),
(7934,	1,	'DC2CK60',	'64DCMT01',	'Tin học ứng dụng',	'CKMT3005'),
(7935,	1,	'CC2CK60',	'65CCOT21',	'Tin học ứng dụng',	'CKOT3011'),
(7936,	1,	'',	'65DLCD23',	'Tin học ứng dụng',	'CTTH3001'),
(7937,	1,	'',	'65DLDD23',	'Tin học ứng dụng',	'CTTH3001'),
(7938,	1,	'DC3CA60',	'64DCCA02',	'Tin học ứng dụng',	'CTCA3013'),
(7939,	1,	'',	'65DLCD24',	'Tin học ứng dụng',	'CTTH3001'),
(7940,	1,	'DC2CK60',	'65DLMX21',	'Tin học ứng dụng',	'CKDM3003'),
(7941,	1,	'DL3CD60',	'65DLCD25',	'Tin học ứng dụng',	'CTTH3001'),
(7942,	1,	'DC2CK60',	'66DLOT21',	'Tin học ứng dụng',	'CKOT3005'),
(7943,	1,	'DC3DB60',	'63DCDB01',	'Tin học ứng dụng',	'CTDB3010'),
(7944,	1,	'DL3CD60',	'65DLCD26',	'Tin học ứng dụng',	'CTTH3001'),
(7945,	1,	'DL3CD60',	'65DLCD21',	'Tin học ứng dụng',	'CTTH3001'),
(7946,	1,	'DL3CD60',	'65DLCD22',	'Tin học ứng dụng',	'CTTH3001'),
(7947,	1,	'CC2TT21',	'66CCTH21',	'Toán rời rạc',	'TTCS3003'),
(7948,	1,	'DC2TT21',	'66DCHT21',	'Toán rời rạc',	'TTCS3003'),
(7949,	1,	'DC2TT21',	'66DCHT22',	'Toán rời rạc',	'TTCS3003'),
(7950,	1,	'DC2TT21',	'66DCHT23',	'Toán rời rạc',	'TTCS3004'),
(7951,	1,	'DC2TT21',	'66DCTM21',	'Toán rời rạc',	'TTCS3003'),
(7952,	1,	'DC2TT21',	'66DCTM22',	'Toán rời rạc',	'TTCS3002'),
(7953,	1,	'DC2TT21',	'66DCTM23',	'Toán rời rạc',	'TTCS3002'),
(7954,	1,	'DC1CB18',	'66DCKT21',	'Toán 2 (KT)',	'CBTO3004'),
(7955,	1,	'DC1CB18',	'66DCKT22',	'Toán 2 (KT)',	'CBTO3007'),
(7956,	1,	'DC1CB18',	'66DCKT23',	'Toán 2 (KT)',	'CBTO3004'),
(7957,	1,	'DC1CB18',	'66DCKT24',	'Toán 2 (KT)',	'CBTO3007'),
(7958,	1,	'DC1CB18',	'66DCKT25',	'Toán 2 (KT)',	'CBTO3004'),
(7959,	1,	'DC1CB18',	'66DCKT26',	'Toán 2 (KT)',	'CBTO4005'),
(7960,	1,	'DC1CB18',	'66DCKT27',	'Toán 2 (KT)',	'CBTO3004'),
(7961,	1,	'DC1CB18',	'66DCTN21',	'Toán 2 (KT)',	'CBTO4005'),
(7962,	1,	'DC1CB18',	'66DCTN22',	'Toán 2 (KT)',	'CBTO3011'),
(7963,	1,	'DC1CB18',	'66DCQT21',	'Toán 2 (KT)',	'CBTO3011'),
(7964,	1,	'DC1CB18',	'66DCQT22',	'Toán 2 (KT)',	'CBTO3011'),
(7965,	1,	'DC1CB18',	'66DCQT23',	'Toán 2 (KT)',	'CBTO3009'),
(7966,	1,	'DC1CB18',	'66DCQT24',	'Toán 2 (KT)',	'CBTO3009'),
(7967,	1,	'DC1CB18',	'66DLKT23',	'Toán 2 (KT)',	'CBTO4001'),
(7968,	1,	'DC1CB41',	'66DCMO21',	'Toán 2',	'CBLH3006'),
(7969,	1,	'DC1CB12',	'66DLOT22',	'Toán 2',	'CBTO4001'),
(7970,	1,	'DC1CB41',	'66DCCD21',	'Toán 2',	'CBTO3009'),
(7971,	1,	'DC1CB12',	'66DLCD27',	'Toán 2',	'CBTO4009'),
(7972,	1,	'DC1CB41',	'66DCCD22',	'Toán 2',	'CBTO3009'),
(7973,	1,	'DC1CB12',	'66DLCD28',	'Toán 2',	'CBTO4009'),
(7974,	1,	'DC1CB41',	'66DCCD23',	'Toán 2',	'CBTO3009'),
(7975,	1,	'DC1CB12',	'66DLCD29',	'Toán 2',	'CBTO3009'),
(7976,	1,	'DC1CB41',	'66DCCD24',	'Toán 2',	'CBTO3009'),
(7977,	1,	'DC1CB41',	'66DCCD25',	'Toán 2',	'CBTO4011'),
(7978,	1,	'DC1CB41',	'66DCCDA1',	'Toán 2',	'CBTO4001'),
(7979,	1,	'DC1CB41',	'66DCCS21',	'Toán 2',	'CBLH3006'),
(7980,	1,	'DC1CB41',	'66DCCA21',	'Toán 2',	'CBLH3006'),
(7981,	1,	'DC1CB41',	'66DCCA22',	'Toán 2',	'CBLH3006'),
(7982,	1,	'DC1CB41',	'66DCDB21',	'Toán 2',	'CBTO4001'),
(7983,	1,	'DC1CB41',	'66DCDB22',	'Toán 2',	'CBTO4001'),
(7984,	1,	'DC1CB41',	'66DCDD21',	'Toán 2',	'CBTO4011'),
(7985,	1,	'DC1CB41',	'66DCDD22',	'Toán 2',	'CBTO4011'),
(7986,	1,	'DC1CB41',	'66DCDD23',	'Toán 2',	'CBTO4011'),
(7987,	1,	'DC1CB41',	'66DCHT21',	'Toán 2',	'CBTO4000'),
(7988,	1,	'DC1CB41',	'66DCHT22',	'Toán 2',	'CBTO3007'),
(7989,	1,	'DC1CB41',	'66DCHT23',	'Toán 2',	'CBTO3007'),
(7990,	1,	'DC1CB41',	'66DCTM21',	'Toán 2',	'CBTO3007'),
(7991,	1,	'DC1CB41',	'66DCTM22',	'Toán 2',	'CBTO4000'),
(7992,	1,	'DC1CB41',	'66DCTM23',	'Toán 2',	'CBTO3004'),
(7993,	1,	'DC1CB41',	'66DCVL21',	'Toán 2',	'CBTO3008'),
(7994,	1,	'DC1CB41',	'66DCVL22',	'Toán 2',	'CBTO3008'),
(7995,	1,	'DC1CB41',	'66DCVS21',	'Toán 2',	'CBTO3008'),
(7996,	1,	'DC1CB41',	'66DCOT21',	'Toán 2',	'CBTO3008'),
(7997,	1,	'DC1CB41',	'66DCDM21',	'Toán 2',	'CBTO3008'),
(7998,	1,	'DC1CB41',	'66DCKX21',	'Toán 2',	'CBTO4011'),
(7999,	1,	'DC1CB41',	'66DCKX22',	'Toán 2',	'CBTO4011'),
(8000,	1,	'DC1CB41',	'66DCKX23',	'Toán 2',	'CBTO4009'),
(8001,	1,	'DC1CB41',	'66DCKX24',	'Toán 2',	'CBTO4009'),
(8002,	1,	'DC1CB41',	'66DCOT22',	'Toán 2',	'CBTO3008'),
(8003,	1,	'DC1CB41',	'66DCOT23',	'Toán 2',	'CBTO4009'),
(8004,	1,	'DC1CB41',	'66DCOT24',	'Toán 2',	'CBTO4009'),
(8005,	1,	'DC1CB41',	'66DCMX21',	'Toán 2',	'CBTO3008'),
(8006,	1,	'DC1CB41',	'66DCMX22',	'Toán 2',	'CBLH3006'),
(8007,	1,	'DC1CB41',	'66DCMX23',	'Toán 2',	'CBTO4000'),
(8008,	1,	'DC1CB41',	'66DCCO21',	'Toán 2',	'CBLH3006'),
(8009,	1,	'DC1CB41',	'66DCCO22',	'Toán 2',	'CBTO4000'),
(8010,	1,	'DC1CB41',	'66DCCO23',	'Toán 2',	'CBTO4001'),
(8011,	1,	'DC1CB41',	'66DCDT21',	'Toán 2',	'CBTO4001'),
(8012,	1,	'DC1CB41',	'66DCDT22',	'Toán 2',	'CBTO4001'),
(8013,	1,	'DC1CB41',	'66DCDT23',	'Toán 2',	'CBTO4001'),
(8014,	1,	'DC1CB41',	'66DCCC21',	'Toán 2',	'CBTO4001'),
(8015,	1,	'DC1CB13',	'65DCCDA1',	'Toán 3',	'CBTO3002'),
(8016,	1,	'DC1CB13',	'65DCCD21',	'Toán 3',	'CBTO3002'),
(8017,	1,	'DC1CB13',	'65DCCD22',	'Toán 3',	'CBTO3002'),
(8018,	1,	'DC1CB13',	'65DCCD23',	'Toán 3',	'CBTO3002'),
(8019,	1,	'DC1CB13',	'65DCOT21',	'Toán 3',	'CBTO3011'),
(8020,	1,	'DC1CB13',	'65DCOT22',	'Toán 3',	'CBTO3011'),
(8021,	1,	'DC1CB13',	'65DCOT23',	'Toán 3',	'CBTO3002'),
(8022,	1,	'DC1CB13',	'65DCOT24',	'Toán 3',	'CBTO4000'),
(8026,	1,	'DC1CB13',	'66DLCD22',	'Toán 3',	'CBTO3011'),
(8027,	1,	'DC1CB13',	'66DLCD23',	'Toán 3',	'CBTO3008'),
(8028,	1,	'DC1CB13',	'66DLCD24',	'Toán 3',	'CBTO3009'),
(8029,	1,	'DC1CB13',	'66DLCD25',	'Toán 3',	'CBTO3009'),
(8030,	1,	'DC1CB13',	'66DLCD26',	'Toán 3',	'CBTO3008'),
(8031,	1,	'DC1CB13',	'66DLOT21',	'Toán 3',	'CBTO3002'),
(8032,	1,	'DC3VS61',	'65DCVS21',	'Tổ chức chạy tàu 1',	'KVSB3001'),
(8033,	1,	'DC3CA53',	'63DCCA01',	'Tổ chức thi công công trình xây dựng',	'CTCA3010'),
(8035,	1,	'DC3CS53',	'63DCCS01',	'Tổ chức thi công công trình xây dựng',	'CTDS3001'),
(8036,	1,	'DC3DB53',	'63DCDB01',	'Tổ chức thi công công trình xây dựng',	'CTDB3009'),
(8037,	1,	'DC3DD53',	'63DCDD01',	'Tổ chức thi công công trình xây dựng',	'CTDD3001'),
(8039,	1,	'DC3DD53',	'63DCDD02',	'Tổ chức thi công công trình xây dựng',	'XDCB3004'),
(8044,	1,	'DL3DD53',	'65DLDD23',	'Tổ chức thi công',	'XDCB3004'),
(8045,	1,	'DC3KX78',	'66DLKX21',	'Tổ chức và quản lý thi công công trình XD',	'KVKX3002'),
(8046,	1,	'CC3OT31',	'65CCOT21',	'Trang bị điện và các TBĐK tự động trên ô tô',	'XUOT3007'),
(8047,	1,	'DC3OT31',	'64DCOT04',	'Trang bị điện và các thiết bị điều khiển tự động trên ô tô',	'CKOT3012'),
(8048,	1,	'DC3OT31',	'64DCOT05',	'Trang bị điện và các thiết bị điều khiển tự động trên ô tô',	'CKOT3012'),
(8049,	1,	'CC2KX17',	'66CCKX21',	'Trắc địa (KX)',	'CTDB3020'),
(8050,	1,	'DC2CT16',	'65DCCA21',	'Trắc địa',	'CTTL2003'),
(8051,	1,	'CC2CT16',	'66CCCD21',	'Trắc địa',	'CTTL3003'),
(8052,	1,	'CC2CT16',	'66DCDD21',	'Trắc địa',	'CTTL3003'),
(8053,	1,	'DC2KX17',	'66DCKX21',	'Trắc địa',	'CTTL3004'),
(8054,	1,	'DC2CT16',	'65DCDB21',	'Trắc địa',	'CTTL3009'),
(8055,	1,	'DC2KX17',	'66DCKX22',	'Trắc địa',	'CTTL3004'),
(8056,	1,	'DC2CT16',	'65DCDB22',	'Trắc địa',	'CTDB3020'),
(8057,	1,	'DC2KX17',	'66DCKX23',	'Trắc địa',	'CTDB3020'),
(8058,	1,	'DC2CT16',	'65DCDB23',	'Trắc địa',	'CTTL3002'),
(8059,	1,	'DC2KX17',	'66DCKX24',	'Trắc địa',	'CTTL3009'),
(8060,	1,	'DC2CT16',	'65DCDD21',	'Trắc địa',	'CTTL2003'),
(8061,	1,	'DC2CT16',	'65DCDD22',	'Trắc địa',	'CTTL3009'),
(8062,	1,	'DC3HT12',	'64DCTH01',	'Trí tuệ nhân tạo',	'TTUD3005'),
(8063,	1,	'DC3HT12',	'64DCTH02',	'Trí tuệ nhân tạo',	'TTUD2001'),
(8064,	1,	'DC3HT12',	'64DCTH03',	'Trí tuệ nhân tạo',	'TTUD3005'),
(8065,	1,	'DC2MX70',	'64DCMX02',	'Truyền động máy xây dựng',	'CKMX3005'),
(8066,	1,	'DC2MX70',	'64DCMX03',	'Truyền động máy xây dựng',	'CKMX3001'),
(8067,	1,	'DC2CK58',	'64DCOT02',	'Truyền động thủy lực và khí nén',	'CKMT3002'),
(8068,	1,	'DC2CK58',	'64DCOT03',	'Truyền động thủy lực và khí nén',	'CKMT3002'),
(8069,	1,	'DC2CK58',	'64DCOT04',	'Truyền động thủy lực và khí nén',	'CKDM3002'),
(8070,	1,	'DC2CK58',	'64DCOT05',	'Truyền động thủy lực và khí nén',	'CKMX3005'),
(8071,	1,	'DC2CK58',	'64DCMT01',	'Truyền động thủy lực và khí nén',	'CKMX3005'),
(8072,	1,	'DC2DT46',	'65DCDT23',	'Trường điện từ',	'TTDT3007'),
(8073,	1,	'DL4CD24',	'65DLCD23',	'TT Thí nghiệm và kiểm định cầu',	'CTCV3002'),
(8074,	1,	'DL4CD24',	'65DLCD24',	'TT Thí nghiệm và kiểm định cầu',	'CTTN3002'),
(8075,	1,	'DL4CD24',	'65DLCD25',	'TT Thí nghiệm và kiểm định cầu',	'CTTN3002'),
(8076,	1,	'DL4CD24',	'65DLCD26',	'TT Thí nghiệm và kiểm định cầu',	'CTCV3002'),
(8077,	1,	'DL4CD24',	'65DLCD21',	'TT Thí nghiệm và kiểm định cầu',	'CTTN3002'),
(8078,	1,	'DL4CD24',	'65DLCD22',	'TT Thí nghiệm và kiểm định cầu',	'CTTN3002'),
(8079,	1,	'DL4DD22',	'65DLDD21',	'TT Thí nghiệm và kiểm định công trình',	'CTDD3002'),
(8080,	1,	'DL4DD22',	'65DLDD22',	'TT Thí nghiệm và kiểm định công trình',	'CTDD3001'),
(8081,	1,	'DL4CD23',	'65DLCD23',	'TT Thí nghiệm và kiểm định đường',	'CTCV3002'),
(8082,	1,	'DL4CD23',	'65DLCD24',	'TT Thí nghiệm và kiểm định đường',	'CTTN3005'),
(8083,	1,	'DL4CD23',	'65DLCD25',	'TT Thí nghiệm và kiểm định đường',	'CTTN3005'),
(8084,	1,	'DL4CD23',	'65DLCD26',	'TT Thí nghiệm và kiểm định đường',	'CTTN3005'),
(8085,	1,	'DL4CD23',	'65DLCD21',	'TT Thí nghiệm và kiểm định đường',	'CTTN3005'),
(8086,	1,	'DL4CD23',	'65DLCD22',	'TT Thí nghiệm và kiểm định đường',	'CTTN3005'),
(8087,	1,	'DL4CT17',	'65DLDD21',	'TT TN Vật liệu xây dựng',	'CTDB3016'),
(8088,	1,	'DL4CT17',	'65DLDD22',	'TT TN Vật liệu xây dựng',	'CTKC3004'),
(8089,	1,	'DL4CT17',	'65DLCD23',	'TT TN Vật liệu xây dựng',	'CTDB3016'),
(8090,	1,	'DL4CT17',	'65DLCD24',	'TT TN Vật liệu xây dựng',	'CTCV3004'),
(8091,	1,	'DL4CT17',	'65DLCD25',	'TT TN Vật liệu xây dựng',	'CTTN3004'),
(8092,	1,	'DL4CT17',	'65DLCD26',	'TT TN Vật liệu xây dựng',	'CTCV3002'),
(8093,	1,	'DL4CT17',	'65DLCD21',	'TT TN Vật liệu xây dựng',	'CTCV3016'),
(8094,	1,	'DL4CT17',	'65DLCD22',	'TT TN Vật liệu xây dựng',	'CTCV3003'),
(8095,	1,	'DC1LL03',	'65DCCA21',	'Tư tưởng Hồ Chí Minh',	'LLTT3001'),
(8096,	1,	'CC1LL03',	'66CLCD21',	'Tư tưởng Hồ Chí Minh',	'LLTT3007'),
(8097,	1,	'DC1LL03',	'65DCDB21',	'Tư tưởng Hồ Chí Minh',	'LLTT3001'),
(8098,	1,	'DC1LL03',	'64DCCD08',	'Tư tưởng Hồ Chí Minh',	'BMLL1001'),
(8099,	1,	'DC1LL03',	'64DCCD09',	'Tư tưởng Hồ Chí Minh',	'BMLL1001'),
(8100,	1,	'DC1LL03',	'65DCDB22',	'Tư tưởng Hồ Chí Minh',	'LLTT3007'),
(8101,	1,	'DC1LL03',	'65DCDB23',	'Tư tưởng Hồ Chí Minh',	'LLTT3007'),
(8102,	1,	'DC1LL03',	'65DCKT21',	'Tư tưởng Hồ Chí Minh',	'LLTT3001'),
(8103,	1,	'DC1LL03',	'65DCKT22',	'Tư tưởng Hồ Chí Minh',	'LLTT3001'),
(8104,	1,	'DC1LL03',	'65DCKT23',	'Tư tưởng Hồ Chí Minh',	'LLTT3004'),
(8105,	1,	'DC1LL03',	'65DCKT24',	'Tư tưởng Hồ Chí Minh',	'LLTT3004'),
(8106,	1,	'DC1LL03',	'65DCQT21',	'Tư tưởng Hồ Chí Minh',	'BMLL1001'),
(8107,	1,	'DC1LL03',	'65DCQT22',	'Tư tưởng Hồ Chí Minh',	'BMLL1001'),
(8108,	1,	'DC1LL03',	'64DCCD12',	'Tư tưởng Hồ Chí Minh',	'BMLL1001'),
(8109,	1,	'DC1LL03',	'64DCDB01',	'Tư tưởng Hồ Chí Minh',	'BMLL1001'),
(8110,	1,	'DC1LL03',	'65DCOT21',	'Tư tưởng Hồ Chí Minh',	'LLTT3004'),
(8111,	1,	'DC1LL03',	'65DCOT22',	'Tư tưởng Hồ Chí Minh',	'LLTT3004'),
(8112,	1,	'DC1LL03',	'65DCOT23',	'Tư tưởng Hồ Chí Minh',	'LLTT3007'),
(8113,	1,	'DC1LL03',	'65DCOT24',	'Tư tưởng Hồ Chí Minh',	'LLTT3007'),
(8114,	1,	'DC1LL03',	'64DCDB02',	'Tư tưởng Hồ Chí Minh',	'LLTT3004'),
(8115,	1,	'DC1LL03',	'64DCDB03',	'Tư tưởng Hồ Chí Minh',	'LLTT3004'),
(8116,	1,	'DC1LL03',	'64DCCA01',	'Tư tưởng Hồ Chí Minh',	'LLTT3007'),
(8117,	1,	'DC2CB94',	'66DCVS21',	'Văn hoá kinh doanh',	'KVSB3006'),
(8118,	1,	'DC2CB94',	'66DLKT23',	'Văn hoá kinh doanh',	'KVVP3003'),
(8119,	1,	'DC1LL03',	'64DCCA02',	'Tư tưởng Hồ Chí Minh',	'LLTT3007'),
(8120,	1,	'DC2CK32',	'65DCDM21',	'Vật liệu cơ khí',	'CKMT3001'),
(8121,	1,	'DC2CK32',	'65DCMT21',	'Vật liệu cơ khí',	'CKMT3001'),
(8122,	1,	'DC2GT35',	'65DCCDA1',	'Vật liệu xây dựng',	'CTKC3004'),
(8123,	1,	'CC2GT35',	'66CCCD21',	'Vật liệu xây dựng',	'KHCN3012'),
(8124,	1,	'CC2DD35',	'66CCDD21',	'Vật liệu xây dựng',	'KHCN3012'),
(8125,	1,	'CC2KX36',	'66CCKX21',	'Vật liệu xây dựng',	'CTKC3003'),
(8126,	1,	'DC2GT35',	'65DCCD21',	'Vật liệu xây dựng',	'KHCN3006'),
(8127,	1,	'DC2GT35',	'65DCCD22',	'Vật liệu xây dựng',	'CTCV3014'),
(8129,	1,	'DC2GT35',	'65DCCS21',	'Vật liệu xây dựng',	'DBCL3001'),
(8130,	1,	'DC2GT35',	'65DCCC21',	'Vật liệu xây dựng',	'DBCL3001'),
(8131,	1,	'DC2GT35',	'65DCCA21',	'Vật liệu xây dựng',	'CTCV3006'),
(8132,	1,	'DC2GT35',	'65DCDB21',	'Vật liệu xây dựng',	'CTDS3003'),
(8133,	1,	'DC2GT35',	'65DCDB22',	'Vật liệu xây dựng',	'CTKC3004'),
(8134,	1,	'DC2GT35',	'65DCDB23',	'Vật liệu xây dựng',	'CTKC3004'),
(8135,	1,	'DC1CB22',	'65DCCDA1',	'Vật lý đại cương 2',	'CBLH3009'),
(8136,	1,	'DC1CB52',	'66DCDM21',	'Vật lý đại cương 2',	'CBLH3015'),
(8137,	1,	'DC1CB56',	'66DCDT21',	'Vật lý đại cương 2',	'CBLH2005'),
(8138,	1,	'DC1CB54',	'66DCHT21',	'Vật lý đại cương 2',	'CBLH3009'),
(8139,	1,	'DL1CB22',	'66DLDD21',	'Vật lý đại cương 2',	'CBLH3006'),
(8140,	1,	'DC1CB22',	'65DCCC21',	'Vật lý đại cương 2',	'CBLH3006'),
(8141,	1,	'DC1CB22',	'65DCDD22',	'Vật lý đại cương 2',	'CBLH3006'),
(8142,	1,	'DC1CB56',	'66DCDT22',	'Vật lý đại cương 2',	'CBLH2005'),
(8143,	1,	'DC1CB54',	'66DCHT22',	'Vật lý đại cương 2',	'CBLH3006'),
(8144,	1,	'DC1CB52',	'66DCOT21',	'Vật lý đại cương 2',	'KHCB1013'),
(8145,	1,	'DL1CB22',	'66DLDD22',	'Vật lý đại cương 2',	'CBLH3015'),
(8147,	1,	'DC1CB56',	'66DCDT23',	'Vật lý đại cương 2',	'CBLH3015'),
(8148,	1,	'DC1CB54',	'66DCHT23',	'Vật lý đại cương 2',	'CBLH3006'),
(8149,	1,	'DC1CB52',	'66DCOT22',	'Vật lý đại cương 2',	'KHCB1013'),
(8150,	1,	'DL1CB22',	'66DLOT22',	'Vật lý đại cương 2',	'CBLH3015'),
(8151,	1,	'DC1CB52',	'66DCOT23',	'Vật lý đại cương 2',	'CBLH3015'),
(8152,	1,	'DC1CB54',	'66DCTM21',	'Vật lý đại cương 2',	'CBLH3011'),
(8153,	1,	'DL1CB22',	'66DLCD27',	'Vật lý đại cương 2',	'CBLH3011'),
(8154,	1,	'DC1CB52',	'66DCOT24',	'Vật lý đại cương 2',	'CBLH3015'),
(8155,	1,	'DC1CB54',	'66DCTM22',	'Vật lý đại cương 2',	'CBLH3011'),
(8156,	1,	'DL1CB22',	'66DLCD28',	'Vật lý đại cương 2',	'CBLH3006'),
(8157,	1,	'DC1CB52',	'66DCMX21',	'Vật lý đại cương 2',	'CBLH2005'),
(8158,	1,	'DC1CB54',	'66DCTM23',	'Vật lý đại cương 2',	'CBLH4005'),
(8159,	1,	'DL1CB22',	'66DLCD29',	'Vật lý đại cương 2',	'CBLH3009'),
(8160,	1,	'DC1CB52',	'66DCMX22',	'Vật lý đại cương 2',	'CBLH2005'),
(8162,	1,	'DC1CB52',	'66DCMX23',	'Vật lý đại cương 2',	'CBLH3016'),
(8163,	1,	'DC1CB52',	'66DCCO21',	'Vật lý đại cương 2',	'CBLH3015'),
(8164,	1,	'DC1CB52',	'66DCCO22',	'Vật lý đại cương 2',	'CBLH3016'),
(8165,	1,	'DC1CB52',	'66DCCO23',	'Vật lý đại cương 2',	'CBLH3006'),
(8166,	1,	'DL2CO13',	'66DLOT22',	'Vẽ kỹ thuật',	'CSKT3005'),
(8167,	1,	'DC2KX52',	'65DCKX21',	'Xây dựng cầu',	'CTCA3010'),
(8168,	1,	'DC2KX52',	'65DCKX22',	'Xây dựng cầu',	'CTCA3015'),
(8169,	1,	'DC2KX52',	'65DCKX23',	'Xây dựng cầu',	'CTCA3018'),
(8170,	1,	'DC2KX51',	'65DCKX21',	'Xây dựng đường',	'CTDB3005'),
(8171,	1,	'DC2KX51',	'65DCKX22',	'Xây dựng đường',	'CTDB3010'),
(8172,	1,	'DC2KX51',	'65DCKX23',	'Xây dựng đường',	'CTDB3014'),
(8173,	1,	'DC2DT64',	'64DCDT01',	'Xử lý tín hiệu số',	'TTVP3002'),
(8174,	1,	'CC2DT64',	'65CCDT21',	'Xử lý tín hiệu số',	'TTDT3018'),
(8175,	1,	'DC2DT64',	'64DCDT02',	'Xử lý tín hiệu số',	'TTDT3001'),
(8176,	1,	'DC2DT64',	'64DCDT03',	'Xử lý tín hiệu số',	'TTDT3001');

DROP TABLE IF EXISTS `suv_teacher`;
CREATE TABLE `suv_teacher` (
  `tc_id` varchar(15) NOT NULL,
  `tc_name` varchar(50) NOT NULL,
  `tc_dob` varchar(15) DEFAULT NULL,
  `tc_note` varchar(50) DEFAULT NULL,
  PRIMARY KEY (`tc_id`)
) ENGINE=InnoDB DEFAULT CHARSET=utf8;

INSERT INTO `suv_teacher` (`tc_id`, `tc_name`, `tc_dob`, `tc_note`) VALUES
('BGH3000',	'Đào Văn Đông',	NULL,	NULL),
('BGH3004',	'Trần Văn Bình',	NULL,	NULL),
('BMKT1005',	'Lê Trọng Bình',	NULL,	NULL),
('BMLL1001',	'Nguyễn Thị Hoa',	NULL,	NULL),
('CBLH2001',	'Nguyễn Thị Thu Cúc',	NULL,	NULL),
('CBLH2002',	'Mai Thị Linh Chi',	NULL,	NULL),
('CBLH2004',	'Lư Thị Yến',	NULL,	NULL),
('CBLH2005',	'Nguyễn Thành Vinh',	NULL,	NULL),
('CBLH3001',	'Lê Thị Ánh Tuyết',	NULL,	NULL),
('CBLH3002',	'Lưu Thị Thu Hà',	NULL,	NULL),
('CBLH3003',	'Phạm Thị Kim Thanh',	NULL,	NULL),
('CBLH3004',	'Lê Minh Đức',	NULL,	NULL),
('CBLH3005',	'Phạm Hồng Chuyên',	NULL,	NULL),
('CBLH3006',	'Nguyễn Văn Cường',	NULL,	NULL),
('CBLH3009',	'Trần Quốc Tuấn',	NULL,	NULL),
('CBLH3011',	'Ngô Xuân ĐInh',	NULL,	NULL),
('CBLH3013',	'Vũ Thị Hà',	NULL,	NULL),
('CBLH3015',	'Ông Văn Hoàng',	NULL,	NULL),
('CBLH3016',	'Cô Hợp',	NULL,	NULL),
('CBLH4004',	'Nguyễn Hương',	NULL,	NULL),
('CBLH4005',	'Lưu Hương',	NULL,	NULL),
('CBNN2001',	'Nguyễn Thị Thanh Hương',	NULL,	NULL),
('CBNN2002',	'Nguyễn Thanh Nga',	NULL,	NULL),
('CBNN2003',	'Nguyễn Thị Thảo',	NULL,	NULL),
('CBNN2004',	'Nguyễn Văn Thọ',	NULL,	NULL),
('CBNN3001',	'Tô Vân Hòa',	NULL,	NULL),
('CBNN3002',	'Cao Thị Thu Nga',	NULL,	NULL),
('CBNN3005',	'Trịnh Thị Hải',	NULL,	NULL),
('CBNN3006',	'Nguyễn Thị Mỹ Trang',	NULL,	NULL),
('CBNN3007',	'Lương Thị Thanh Mến',	NULL,	NULL),
('CBNN3008',	'Nguyễn Việt Hà',	NULL,	NULL),
('CBNN3009',	'Dương Thị Hồng Anh',	NULL,	NULL),
('CBNN3010',	'Mai Lê Thủy',	NULL,	NULL),
('CBNN3011',	'Bùi Thị Phương Thảo',	NULL,	NULL),
('CBNN3012',	'Phí Lương Vân',	NULL,	NULL),
('CBNN3013',	'Phạm Thị Bích Ngọc',	NULL,	NULL),
('CBNN3014',	'Lê Thị Bình',	NULL,	NULL),
('CBNN3015',	'Trần Thị Ngọc Hà',	NULL,	NULL),
('CBNN3016',	'Ngô Thị Lan Hương',	NULL,	NULL),
('CBNN4003',	'Cô Hoài',	NULL,	NULL),
('CBTO2001',	'Nguyễn Thị Lý',	NULL,	NULL),
('CBTO2002',	'Lê Thị Hậu',	NULL,	NULL),
('CBTO2003',	'Tạ Thị Hoàn',	NULL,	NULL),
('CBTO3001',	'Trần Thái Minh',	NULL,	NULL),
('CBTO3002',	'Hoàng Thị Cẩm Thạch',	NULL,	NULL),
('CBTO3003',	'Phạm Thị Ninh Nhâm',	NULL,	NULL),
('CBTO3004',	'Lưu Thị Vân Anh',	NULL,	NULL),
('CBTO3007',	'Bùi Thị Lan Anh',	NULL,	NULL),
('CBTO3008',	'Vũ Dũng',	NULL,	NULL),
('CBTO3009',	'Mr. Quang(HD)',	NULL,	NULL),
('CBTO3010',	'Nguyễn Đức Hùng',	NULL,	NULL),
('CBTO3011',	'Nguyễn Thị Hồng Hạnh',	NULL,	NULL),
('CBTO4000',	'Vũ Xuân Nhâm',	NULL,	NULL),
('CBTO4001',	'Hà Thanh Tâm',	NULL,	NULL),
('CBTO4002',	'Hoàng Văn Cần',	NULL,	NULL),
('CBTO4004',	'Nguyễn Thị Thanh Hà',	NULL,	NULL),
('CBTO4005',	'Nguyễn Thị Kiều Oanh',	NULL,	NULL),
('CBTO4007',	'Tô Văn Ban',	NULL,	NULL),
('CBTO4008',	'Nguyễn Văn Cường',	NULL,	NULL),
('CBTO4009',	'Phạm Thị Liễu',	NULL,	NULL),
('CBTO4010',	'Nguyễn Thị Hà',	NULL,	NULL),
('CBTO4011',	'Thái Thị Kim Chung',	NULL,	NULL),
('CK3001',	'Thầy Lịch',	NULL,	NULL),
('CKDM3001',	'Nguyễn Thị Nam',	NULL,	NULL),
('CKDM3002',	'Vũ Văn Hiệp',	NULL,	NULL),
('CKDM3003',	'Yên Văn Thực',	NULL,	NULL),
('CKDM3004',	'Trần Văn Hiếu',	NULL,	NULL),
('CKMT3001',	'Hoàng Tú',	NULL,	NULL),
('CKMT3002',	'Nguyễn Quốc Tuấn',	NULL,	NULL),
('CKMT3003',	'Nguyễn Xuân Hành',	NULL,	NULL),
('CKMT3004',	'Trương Tất Anh',	NULL,	NULL),
('CKMT3005',	'Trần Trọng Tuấn',	NULL,	NULL),
('CKMT3006',	'Nguyễn Công Đoàn',	NULL,	NULL),
('CKMX2001',	'Đỗ Phúc Hậu',	NULL,	NULL),
('CKMX2002',	'Đào Mạnh Quyền',	NULL,	NULL),
('CKMX3001',	'Trần Thanh An',	NULL,	NULL),
('CKMX3002',	'Vũ Phi Long',	NULL,	NULL),
('CKMX3003',	'Bùi Văn Trầm',	NULL,	NULL),
('CKMX3004',	'Đỗ Hữu Tuấn',	NULL,	NULL),
('CKMX3005',	'Phạm Như Nam',	NULL,	NULL),
('CKMX3006',	'Đặng Đức Thuận',	NULL,	NULL),
('CKMX3007',	'Nguyễn Xuân Hòa',	NULL,	NULL),
('CKOT2001',	'Đỗ Thành Phương',	NULL,	NULL),
('CKOT2004',	'Phạm Ngọc Hà',	NULL,	NULL),
('CKOT2005',	'Nguyễn Văn Chót',	NULL,	NULL),
('CKOT3001',	'Nguyễn Duy Tưởng',	NULL,	NULL),
('CKOT3002',	'Lê Quang Thắng',	NULL,	NULL),
('CKOT3004',	'Tạ Tuấn Hưng',	NULL,	NULL),
('CKOT3005',	'Nguyễn Thành Nam',	NULL,	NULL),
('CKOT3006',	'Nguyễn Văn Tuân',	NULL,	NULL),
('CKOT3007',	'Chu Văn Huỳnh',	NULL,	NULL),
('CKOT3011',	'Nguyễn Văn Hiệp',	NULL,	NULL),
('CKOT3012',	'Lương Quý Hiệp',	NULL,	NULL),
('CKOT4004',	'Nguyễn Ngọc Thăng',	NULL,	NULL),
('CKVP2002',	'Thiều Sỹ Nam',	NULL,	NULL),
('CKVP3001',	'Nguyễn Quang Anh',	NULL,	NULL),
('CSKT2002',	'Kiều Lan Hương',	NULL,	NULL),
('CSKT2003',	'Trịnh Xuân Cảng',	NULL,	NULL),
('CSKT2004',	'Trương Thị Huệ',	NULL,	NULL),
('CSKT3001',	'Dương Thị Ngọc Thu',	NULL,	NULL),
('CSKT3002',	'Vũ Anh Tuấn',	NULL,	NULL),
('CSKT3003',	'Nguyễn Thị Giang',	NULL,	NULL),
('CSKT3004',	'Trương Văn Toàn',	NULL,	NULL),
('CSKT3005',	'Đào Thị Hương Giang',	NULL,	NULL),
('CSKT3006',	'Đoàn Lan Phương',	NULL,	NULL),
('CSKT3007',	'Nguyễn Thị Thu Ngà',	NULL,	NULL),
('CSKT3008',	'Bùi Thị Phương Hoa',	NULL,	NULL),
('CSKT3009',	'Đỗ Quang Chấn',	NULL,	NULL),
('CSKT3010',	'Nguyễn Thị Huệ',	NULL,	NULL),
('CSKT3011',	'Bùi Gia Phi',	NULL,	NULL),
('CSKT3012',	'Hoàng Quyết Chiến',	NULL,	NULL),
('CSKT3013',	'Nguyễn Hồng Thái',	NULL,	NULL),
('CSKT3014',	'Lê Văn Kiên',	NULL,	NULL),
('CSKT3015',	'Đồng Thanh Hương',	NULL,	NULL),
('CSKT3016',	'Phạm Quang Khởi',	NULL,	NULL),
('CSKT3017',	'Bùi Tiến Tú',	NULL,	NULL),
('CSKT4002',	'Thầy Vần (HD)',	NULL,	NULL),
('CT4001',	'Thầy Thoan (HD)',	NULL,	NULL),
('CTCA2001',	'Lê Thị Như Trang',	NULL,	NULL),
('CTCA2003',	'Phạm Ngọc Trường',	NULL,	NULL),
('CTCA2004',	'Nguyễn Trung Kiên',	NULL,	NULL),
('CTCA3001',	'Phùng Bá Thắng',	NULL,	NULL),
('CTCA3002',	'Lê Ngọc Lý',	NULL,	NULL),
('CTCA3003',	'Nguyễn Anh Tuấn',	NULL,	NULL),
('CTCA3004',	'Lương Mạnh Tiến',	NULL,	NULL),
('CTCA3005',	'Trần Thị Lý',	NULL,	NULL),
('CTCA3006',	'Nguyễn Thanh Hưng',	NULL,	NULL),
('CTCA3007',	'Nguyễn Thùy Anh',	NULL,	NULL),
('CTCA3009',	'Ngô Thị Hồng Quế',	NULL,	NULL),
('CTCA3010',	'Nguyễn Tiến Hưng',	NULL,	NULL),
('CTCA3011',	'Nguyễn Thị Phương',	NULL,	NULL),
('CTCA3013',	'Lê Văn Mạnh',	NULL,	NULL),
('CTCA3014',	'Trần Anh Tuấn',	NULL,	NULL),
('CTCA3015',	'Nguyễn Hữu Giang',	NULL,	NULL),
('CTCA3016',	'Kim Văn Lý',	NULL,	NULL),
('CTCA3017',	'Đào Quang Huy',	NULL,	NULL),
('CTCA3018',	'Nguyễn Hữu May',	NULL,	NULL),
('CTCA3020',	'Cao Công Ánh',	NULL,	NULL),
('CTCA3021',	'Lại Vân Anh',	NULL,	NULL),
('CTCA3023',	'Phạm Hồng Quân',	NULL,	NULL),
('CTCA4000',	'Đỗ Như Tráng',	NULL,	NULL),
('CTCA4001',	'Nguyễn Việt Khoa',	NULL,	NULL),
('CTCC3001',	'Nguyễn Văn Vi',	NULL,	NULL),
('CTCC3002',	'Nguyễn Văn Biên',	NULL,	NULL),
('CTCC3003',	'Nguyễn Kiên Quyết',	NULL,	NULL),
('CTCC3004',	'Nguyễn Văn Hiền',	NULL,	NULL),
('CTCT3001',	'Nguyễn Trường Trung',	NULL,	NULL),
('CTCV2001',	'Cao Văn Đoàn',	NULL,	NULL),
('CTCV2004',	'Trần Văn Long',	NULL,	NULL),
('CTCV3001',	'Ngô Thị Thanh Hương',	NULL,	NULL),
('CTCV3002',	'Trần Thanh Hà',	NULL,	NULL),
('CTCV3003',	'Lê Nho Thiện',	NULL,	NULL),
('CTCV3004',	'Bùi Thế Chung',	NULL,	NULL),
('CTCV3005',	'Nguyễn Trường Chinh',	NULL,	NULL),
('CTCV3006',	'Nguyễn Thị Hương Giang',	NULL,	NULL),
('CTCV3007',	'Nguyễn Thị Bích Hạnh',	NULL,	NULL),
('CTCV3010',	'Lê Văn Hiệp',	NULL,	NULL),
('CTCV3011',	'Bùi Văn Lợi',	NULL,	NULL),
('CTCV3012',	'Lê Quang Huy',	NULL,	NULL),
('CTCV3014',	'Nguyễn Văn Minh',	NULL,	NULL),
('CTCV3015',	'Nguyễn Chí Kiên',	NULL,	NULL),
('CTCV3016',	'Vũ Thế Thuần',	NULL,	NULL),
('CTDB2001',	'Trịnh Xuân Trường',	NULL,	NULL),
('CTDB2002',	'Phạm Trung Hiếu',	NULL,	NULL),
('CTDB2004',	'Phạm Trọng Hiển',	NULL,	NULL),
('CTDB2005',	'Nguyễn Văn Nam',	NULL,	NULL),
('CTDB2006',	'Nguyễn Tuyển Tâm',	NULL,	NULL),
('CTDB2007',	'Phạm Văn Lượng',	NULL,	NULL),
('CTDB3001',	'Phạm Văn Huỳnh',	NULL,	NULL),
('CTDB3002',	'Nguyễn Minh Khoa',	NULL,	NULL),
('CTDB3004',	'Hoàng Thị Hương Giang',	NULL,	NULL),
('CTDB3005',	'Phạm Thanh Hiếu',	NULL,	NULL),
('CTDB3006',	'Vũ Thành Long',	NULL,	NULL),
('CTDB3007',	'Mai Thị Hải Vân',	NULL,	NULL),
('CTDB3009',	'Vũ Hoài Nam',	NULL,	NULL),
('CTDB3010',	'Lê Minh Tú',	NULL,	NULL),
('CTDB3011',	'Vũ Thọ Hưng',	NULL,	NULL),
('CTDB3012',	'Nguyễn Thu Trang',	NULL,	NULL),
('CTDB3013',	'Đặng Thùy Đông',	NULL,	NULL),
('CTDB3014',	'Trần Trung Hiếu',	NULL,	NULL),
('CTDB3015',	'Đồng Văn Phúc',	NULL,	NULL),
('CTDB3016',	'Trần Ngọc Hưng',	NULL,	NULL),
('CTDB3017',	'Phạm Hồng Quân',	NULL,	NULL),
('CTDB3018',	'Bạch Thị Diệp Phương',	NULL,	NULL),
('CTDB3019',	'Lương Hùng Mạnh',	NULL,	NULL),
('CTDB3020',	'Nguyễn Tuấn Ngọc',	NULL,	NULL),
('CTDB4001',	'Dương Tất Sinh',	NULL,	NULL),
('CTDD3001',	'Phạm Tuấn Anh',	NULL,	NULL),
('CTDD3002',	'Mai Văn Chiến',	NULL,	NULL),
('CTDD3004',	'Vũ Đình Phiên',	NULL,	NULL),
('CTDD3005',	'Vũ Đình Thơ',	NULL,	NULL),
('CTDD3007',	'Phạm Quốc Doanh',	NULL,	NULL),
('CTDD3008',	'Cao Minh Quyền',	NULL,	NULL),
('CTDD3009',	'Vũ Thị Hương Lan',	NULL,	NULL),
('CTDD3010',	'Nguyễn Duy Hưng',	NULL,	NULL),
('CTDK3004',	'Bùi Thị Quỳnh Anh',	NULL,	NULL),
('CTDK3005',	'Đỗ Minh Ngọc',	NULL,	NULL),
('CTDS3001',	'Nguyễn Văn Đăng',	NULL,	NULL),
('CTDS3002',	'Kiều Quang Thái',	NULL,	NULL),
('CTDS3003',	'Nguyễn Thị Thanh Xuân',	NULL,	NULL),
('CTKC3002',	'Đỗ Duy Tùng',	NULL,	NULL),
('CTKC3003',	'Cô Thuỷ',	NULL,	NULL),
('CTKC3004',	'Đào Phúc Lâm',	NULL,	NULL),
('CTKC3005',	'Lê Nguyên Khương',	NULL,	NULL),
('CTKC4002',	'Nguyễn Thạch Bích',	NULL,	NULL),
('CTKC4003',	'Nguyễn Văn Dương',	NULL,	NULL),
('CTMT3008',	'Nguyễn Phương Nhung',	NULL,	NULL),
('CTMT3009',	'Chu Phương Nhung',	NULL,	NULL),
('CTMT4000',	'Hoàng Ngọc Minh',	NULL,	NULL),
('CTTH3001',	'Nguyễn Quốc Tới',	NULL,	NULL),
('CTTH3002',	'Giáp Văn Lợi',	NULL,	NULL),
('CTTH3003',	'Lê Minh Hải',	NULL,	NULL),
('CTTL2002',	'Lưu Ngọc Quang',	NULL,	NULL),
('CTTL2003',	'Vũ Ngọc Quang',	NULL,	NULL),
('CTTL2004',	'Ngô Hoài Thanh',	NULL,	NULL),
('CTTL2005',	'Nguyễn Văn Thịnh',	NULL,	NULL),
('CTTL3001',	'Nguyễn Song Dũng',	NULL,	NULL),
('CTTL3002',	'Nguyễn Thị Loan',	NULL,	NULL),
('CTTL3003',	'Nguyễn Trọng Tuấn',	NULL,	NULL),
('CTTL3004',	'Hoàng Văn Chung',	NULL,	NULL),
('CTTL3005',	'Phạm Thị Huế',	NULL,	NULL),
('CTTL3006',	'Nguyễn Thị Phương Dung',	NULL,	NULL),
('CTTL3007',	'Kiều Văn Cẩn',	NULL,	NULL),
('CTTL3008',	'Nguyễn Trọng Giáp',	NULL,	NULL),
('CTTL3009',	'Nguyễn Thanh Hòa',	NULL,	NULL),
('CTTL3010',	'Phan Văn Thoại',	NULL,	NULL),
('CTTN2002',	'Nguyễn Thị Thanh Tâm',	NULL,	NULL),
('CTTN3002',	'Vũ Quang Dũng',	NULL,	NULL),
('CTTN3003',	'Bùi Mạnh Lực',	NULL,	NULL),
('CTTN3004',	'Nguyễn Ngọc Hải',	NULL,	NULL),
('CTTN3005',	'Đặng Thế Vinh',	NULL,	NULL),
('CTTN3006',	'Phạm Thế Hưng',	NULL,	NULL),
('CTTN3007',	'Trọng Kiến Dương',	NULL,	NULL),
('CTVP2001',	'Nguyễn Đức Tuyên',	NULL,	NULL),
('CTVP2002',	'Nguyễn Thị Tuyết Hằng',	NULL,	NULL),
('CTVP3004',	'Phan Huy Thục',	NULL,	NULL),
('CTVP3005',	'Trần Quang Minh',	NULL,	NULL),
('CTXU2004',	'Nguyễn Mạnh Hà',	NULL,	NULL),
('CTXU2006',	'Trần Văn Long',	NULL,	NULL),
('DBCL3001',	'Tạ Thế Anh',	NULL,	NULL),
('DTAO2004',	'Phạm Thị Thuỳ Liên',	NULL,	NULL),
('DTAO3001',	'Nguyễn Văn Lâm',	NULL,	NULL),
('DTAO3008',	'Lê Hoàng Anh',	NULL,	NULL),
('DTAO3009',	'Phạm Quang Dũng',	NULL,	NULL),
('GDTC2001',	'Kiều Anh Tuấn',	NULL,	NULL),
('GDTC2002',	'Trần Đức Phong',	NULL,	NULL),
('GDTC2003',	'Lê Quang Việt',	NULL,	NULL),
('GDTC3001',	'Nguyễn Thành Long',	NULL,	NULL),
('GDTC3003',	'Nguyễn Ngọc Tuyên',	NULL,	NULL),
('GDTC3004',	'Nguyễn Chí Mai',	NULL,	NULL),
('GDTC3005',	'Nguyễn Thùy Liên',	NULL,	NULL),
('GDTC3006',	'Trần Huyền Trang',	NULL,	NULL),
('GDTC3007',	'Ngô Thu Ngọc',	NULL,	NULL),
('HCQT3002',	'Hoàng Đình Thi',	NULL,	NULL),
('HSSV2001',	'Trần Ngọc Vũ',	NULL,	NULL),
('KHCB1006',	'Trần Thị Xuân Hương',	NULL,	NULL),
('KHCB1011',	'Hoàng Thị Kim Ngân',	NULL,	NULL),
('KHCB1013',	'Nguyễn Viết Hiếu',	NULL,	NULL),
('KHCN3001',	'Ngô Quốc Trinh',	NULL,	NULL),
('KHCN3004',	'Lê Xuân Thái',	NULL,	NULL),
('KHCN3006',	'Lê Thanh Hải',	NULL,	NULL),
('KHCN3008',	'Vũ Trung Hiếu',	NULL,	NULL),
('KHCN3012',	'Nguyễn Ngọc Khánh',	NULL,	NULL),
('KVCS2001',	'Kiều Doãn Hà',	NULL,	NULL),
('KVCS2002',	'Nguyễn Thị Thu Phương',	NULL,	NULL),
('KVCS3001',	'Đỗ Thị Hồng Vân',	NULL,	NULL),
('KVCS3002',	'Lê Văn Hoa',	NULL,	NULL),
('KVCS3003',	'Kiều Mạnh',	NULL,	NULL),
('KVCS3004',	'Đỗ Thị Vân Anh',	NULL,	NULL),
('KVCS3006',	'Hoàng Thị Thanh',	NULL,	NULL),
('KVCS3007',	'Đặng Thu Hằng',	NULL,	NULL),
('KVKK2001',	'Đinh Thị Minh Phượng',	NULL,	NULL),
('KVKK2002',	'Nguyễn Thu Hằng',	NULL,	NULL),
('KVKK2003',	'Trần Thị Thu Hà',	NULL,	NULL),
('KVKK2004',	'Nguyễn Thị Huyền Trang',	NULL,	NULL),
('KVKK2005',	'Trần Thị Thanh Nga',	NULL,	NULL),
('KVKK3001',	'Nguyễn Thị Thái An',	NULL,	NULL),
('KVKK3002',	'Đặng Thị Huế',	NULL,	NULL),
('KVKK3003',	'Chu Thị Bích Hạnh',	NULL,	NULL),
('KVKK3005',	'Vương Thị Bạch Tuyết',	NULL,	NULL),
('KVKK3006',	'Nguyễn Thị Diệu Thu',	NULL,	NULL),
('KVKK3007',	'Ngô Thị Hường',	NULL,	NULL),
('KVKK3008',	'Nguyễn Thị Thuận',	NULL,	NULL),
('KVKK3010',	'Lê Tuyết Nhung',	NULL,	NULL),
('KVKK3011',	'Nguyễn Hoàng Lan',	NULL,	NULL),
('KVKK3012',	'Trần Thị Lan Hương',	NULL,	NULL),
('KVKK3013',	'Đỗ Thị Huyền',	NULL,	NULL),
('KVKK3014',	'Nguyễn Thị Quỳnh Trang',	NULL,	NULL),
('KVKK3015',	'Đỗ Huyền Hương',	NULL,	NULL),
('KVKX3001',	'Phạm Đức Tấn',	NULL,	NULL),
('KVKX3002',	'Trần Trung Kiên',	NULL,	NULL),
('KVKX3003',	'Nguyễn Thị Nga',	NULL,	NULL),
('KVKX3004',	'Phạm Thị Liên',	NULL,	NULL),
('KVKX3005',	'Phạm Thị Thanh Nhàn',	NULL,	NULL),
('KVKX3006',	'Nguyễn Thị Nga',	NULL,	NULL),
('KVQT2001',	'Công Vũ Hà My',	NULL,	NULL),
('KVQT3001',	'Nguyễn Việt Thắng',	NULL,	NULL),
('KVQT3002',	'Lâm Phạm Thị Hải Hà',	NULL,	NULL),
('KVQT3003',	'Vũ Thị Hải Anh',	NULL,	NULL),
('KVQT3004',	'Dương Văn Nhung',	NULL,	NULL),
('KVQT3005',	'Nguyễn Hoàng Anh',	NULL,	NULL),
('KVQT3006',	'Nguyễn Thị Thùy Dung',	NULL,	NULL),
('KVQT3007',	'Nguyễn Hùng Cường',	NULL,	NULL),
('KVQT3008',	'Nhữ Thuỳ Liên',	NULL,	NULL),
('KVSB3001',	'Hoàng Văn Lâm',	NULL,	NULL),
('KVSB3002',	'Nguyễn Thị Bích Thủy',	NULL,	NULL),
('KVSB3003',	'Hà Nguyên Khánh',	NULL,	NULL),
('KVSB3004',	'Phạm Quang Hạnh',	NULL,	NULL),
('KVSB3005',	'Nguyễn Thị Trang',	NULL,	NULL),
('KVSB3006',	'Dương Thị Thu Hương',	NULL,	NULL),
('KVSB3007',	'Lê Thị Liễu',	NULL,	NULL),
('KVSB3008',	'Nguyễn Thị Dung',	NULL,	NULL),
('KVSB3009',	'Phạm Công Giang',	NULL,	NULL),
('KVTN2001',	'Nguyễn Thị Thu Thủy',	NULL,	NULL),
('KVTN3001',	'Lê Xuân Ngọc',	NULL,	NULL),
('KVTN3002',	'Đỗ Thị Thơ',	NULL,	NULL),
('KVTN3003',	'Nguyễn Thị Thanh Hiền',	NULL,	NULL),
('KVTN3004',	'Nguyễn Minh Nguyệt',	NULL,	NULL),
('KVTN3005',	'Nguyễn Bích Ngọc',	NULL,	NULL),
('KVTN3006',	'Ngô Thị Thanh Nga',	NULL,	NULL),
('KVTN3007',	'Phan Thùy Dương',	NULL,	NULL),
('KVTN3008',	'Trần Kim Thoa',	NULL,	NULL),
('KVTN3009',	'Lê Thu Hằng',	NULL,	NULL),
('KVVP2001',	'Nguyễn Tiến Dũng',	NULL,	NULL),
('KVVP2003',	'Hoàng Tú Uyên',	NULL,	NULL),
('KVVP3001',	'Hoàng Thị Hồng Lê',	NULL,	NULL),
('KVVP3002',	'Lê Thu Sao',	NULL,	NULL),
('KVVP3003',	'Lê Thu Hiền',	NULL,	NULL),
('KVVP3004',	'Phan Trung Nghĩa',	NULL,	NULL),
('LLDL2001',	'Trịnh Thị Thu Hằng',	NULL,	NULL),
('LLDL2002',	'Lê Thu Trang',	NULL,	NULL),
('LLDL3001',	'Phan Huy Trường',	NULL,	NULL),
('LLDL3002',	'Đỗ Như Hồng',	NULL,	NULL),
('LLDL3003',	'Nguyễn Thị Thơm',	NULL,	NULL),
('LLNL2001',	'Hà Hoàng Giang',	NULL,	NULL),
('LLNL2003',	'Tạ Ngọc Bài',	NULL,	NULL),
('LLNL3001',	'Nguyễn Thị Thơ',	NULL,	NULL),
('LLNL3002',	'Nguyễn Thị Thu Trà',	NULL,	NULL),
('LLNL3003',	'Trần Thị Tâm',	NULL,	NULL),
('LLNL3004',	'Nguyễn Tiến Trí',	NULL,	NULL),
('LLNL3005',	'Nguyễn Thị Thanh Hương',	NULL,	NULL),
('LLNL3006',	'Nguyễn Thị Thu',	NULL,	NULL),
('LLTT2001',	'Phạm Thị Thương',	NULL,	NULL),
('LLTT2002',	'Đặng Thị Minh Phương',	NULL,	NULL),
('LLTT3001',	'Lương Công Lý',	NULL,	NULL),
('LLTT3002',	'Nguyễn Thị Thu Hằng',	NULL,	NULL),
('LLTT3004',	'Vũ Thị Kiều Ly',	NULL,	NULL),
('LLTT3007',	'Vũ Đình Năm',	NULL,	NULL),
('QPAN2001',	'Trần Anh Sáng',	NULL,	NULL),
('TCCB3004',	'Phạm Văn Tân',	NULL,	NULL),
('TCCB3006',	'Nguyễn Thanh Minh',	NULL,	NULL),
('TCHUC2001',	'Trần Thị Thu Hà',	NULL,	NULL),
('TCHUC3001',	'Nguyễn Mạnh Hùng',	NULL,	NULL),
('TCHUC3002',	'Dương Văn Đoan',	NULL,	NULL),
('TTCS2002',	'Lê Thị Hường',	NULL,	NULL),
('TTCS2003',	'Phan Như Minh',	NULL,	NULL),
('TTCS2005',	'Bùi Thị Nhung',	NULL,	NULL),
('TTCS3001',	'Lê Thị Hoa',	NULL,	NULL),
('TTCS3002',	'Đỗ Bảo Sơn',	NULL,	NULL),
('TTCS3003',	'Đoàn Thị Thanh Hằng',	NULL,	NULL),
('TTCS3004',	'Lê Thị Chi',	NULL,	NULL),
('TTCS3005',	'Nguyễn Thị Kim Huệ',	NULL,	NULL),
('TTCS3006',	'Lê Thanh Tấn',	NULL,	NULL),
('TTCS3007',	'Nguyễn Thị Vân Anh',	NULL,	NULL),
('TTCS3008',	'Nguyễn Thái Sơn',	NULL,	NULL),
('TTCS4000',	'Phùng Văn Ổn',	NULL,	NULL),
('TTDT2001',	'Trần Thị Phương Thanh',	NULL,	NULL),
('TTDT3001',	'Phạm Trường Giang',	NULL,	NULL),
('TTDT3002',	'Hoàng Thị Thúy',	NULL,	NULL),
('TTDT3003',	'Vương Thị Hương',	NULL,	NULL),
('TTDT3005',	'Dương Quang Khánh',	NULL,	NULL),
('TTDT3007',	'Đào Mạnh Tú',	NULL,	NULL),
('TTDT3008',	'Nguyễn Thị Thu Hiền',	NULL,	NULL),
('TTDT3012',	'Bùi Hải Đăng',	NULL,	NULL),
('TTDT3013',	'Ngô Thị Thu Tình',	NULL,	NULL),
('TTDT3014',	'Vũ Văn Linh',	NULL,	NULL),
('TTDT3016',	'Đỗ Xuân Thu',	NULL,	NULL),
('TTDT3017',	'Hoàng Thế Phương',	NULL,	NULL),
('TTDT3018',	'Nguyễn Công Nam',	NULL,	NULL),
('TTDT4001',	'Nguyễn Viết Đảm',	NULL,	NULL),
('TTDT4002',	'Đặng Thế Ngọc',	NULL,	NULL),
('TTDT4003',	'Phạm Thị Thuý Hiền',	NULL,	NULL),
('TTUD2001',	'Trần Vĩnh Hạnh',	NULL,	NULL),
('TTUD2003',	'Nguyễn Hữu Tuân',	NULL,	NULL),
('TTUD3001',	'Lương Hoàng Anh',	NULL,	NULL),
('TTUD3002',	'Vũ Thị Thu Hà',	NULL,	NULL),
('TTUD3003',	'Lê Chí Luận',	NULL,	NULL),
('TTUD3004',	'Nguyễn Tùng Dương',	NULL,	NULL),
('TTUD3005',	'Bùi Thị Như',	NULL,	NULL),
('TTVP3001',	'Trần Hà Thanh',	NULL,	NULL),
('TTVP3002',	'Đỗ Quang Hưng',	NULL,	NULL),
('TTVP3005',	'Lã Quang Trung',	NULL,	NULL),
('XDCB3003',	'Phan Thanh Nhàn',	NULL,	NULL),
('XDCB3004',	'Bùi Gia Linh',	NULL,	NULL),
('XDCB3005',	'Nguyễn Văn Việt',	NULL,	NULL),
('XDCB3007',	'Nguyễn Thị Thu Hiền',	NULL,	NULL),
('XUOT2005',	'Nguyễn Anh Tú',	NULL,	NULL),
('XUOT3007',	'Vũ Quảng Đại',	NULL,	NULL),
('XUOT3009',	'Nguyễn Công Tuấn',	NULL,	NULL);

-- 2016-06-07 12:42:54
